Series Name,Series Code,Country Name,Country Code,2021 [YR2021]
GDP (constant 2015 US$),NY.GDP.MKTP.KD,Afghanistan,AFG,17083574409.0529
GDP (constant 2015 US$),NY.GDP.MKTP.KD,Albania,ALB,13582023423.9986
GDP (constant 2015 US$),NY.GDP.MKTP.KD,Zimbabwe,ZWE,20618836228.0922
GDP (constant 2015 US$),NY.GDP.MKTP.KD,Algeria,DZA,174201329643.303
GDP (constant 2015 US$),NY.GDP.MKTP.KD,American Samoa,ASM,648340458.015267
GDP (constant 2015 US$),NY.GDP.MKTP.KD,Andorra,AND,2911602777.05832
GDP (constant 2015 US$),NY.GDP.MKTP.KD,Angola,AGO,79346278571.5219
GDP (constant 2015 US$),NY.GDP.MKTP.KD,Antigua and Barbuda,ATG,1369612291.79505
GDP (constant 2015 US$),NY.GDP.MKTP.KD,Argentina,ARG,568142562825.363
GDP (constant 2015 US$),NY.GDP.MKTP.KD,Armenia,ARM,12621675048.5277
GDP (constant 2015 US$),NY.GDP.MKTP.KD,Aruba,ABW,3225070322.88917
GDP (constant 2015 US$),NY.GDP.MKTP.KD,Australia,AUS,1524362403027.16
GDP (constant 2015 US$),NY.GDP.MKTP.KD,Austria,AUT,405145843845.507
GDP (constant 2015 US$),NY.GDP.MKTP.KD,Azerbaijan,AZE,54180407522.419
GDP (constant 2015 US$),NY.GDP.MKTP.KD,"Bahamas, The",BHS,10893360608.0296
GDP (constant 2015 US$),NY.GDP.MKTP.KD,Bahrain,BHR,33998540960.6733
GDP (constant 2015 US$),NY.GDP.MKTP.KD,Bangladesh,BGD,285269493337.993
GDP (constant 2015 US$),NY.GDP.MKTP.KD,Barbados,BRB,4161995686.68064
GDP (constant 2015 US$),NY.GDP.MKTP.KD,Belarus,BLR,59948354831.6356
GDP (constant 2015 US$),NY.GDP.MKTP.KD,Belgium,BEL,497354242597.969
GDP (constant 2015 US$),NY.GDP.MKTP.KD,Belize,BLZ,2293518778.28054
GDP (constant 2015 US$),NY.GDP.MKTP.KD,Benin,BEN,15779238957.7761
GDP (constant 2015 US$),NY.GDP.MKTP.KD,Bermuda,BMU,6718028461.70344
GDP (constant 2015 US$),NY.GDP.MKTP.KD,Bhutan,BTN,2314503113.96196
GDP (constant 2015 US$),NY.GDP.MKTP.KD,Bolivia,BOL,36984185806.4194
GDP (constant 2015 US$),NY.GDP.MKTP.KD,Bosnia and Herzegovina,BIH,19175766940.7428
GDP (constant 2015 US$),NY.GDP.MKTP.KD,Botswana,BWA,16479433715.5481
GDP (constant 2015 US$),NY.GDP.MKTP.KD,Brazil,BRA,1829904265254.51
GDP (constant 2015 US$),NY.GDP.MKTP.KD,British Virgin Islands,VGB,..
GDP (constant 2015 US$),NY.GDP.MKTP.KD,Brunei Darussalam,BRN,13215732655.1727
GDP (constant 2015 US$),NY.GDP.MKTP.KD,Bulgaria,BGR,59382311267.2863
GDP (constant 2015 US$),NY.GDP.MKTP.KD,Burkina Faso,BFA,16347272361.3217
GDP (constant 2015 US$),NY.GDP.MKTP.KD,Burundi,BDI,3276109831.10713
GDP (constant 2015 US$),NY.GDP.MKTP.KD,Cabo Verde,CPV,1745467468.15938
GDP (constant 2015 US$),NY.GDP.MKTP.KD,Cambodia,KHM,23721258226.5713
GDP (constant 2015 US$),NY.GDP.MKTP.KD,Cameroon,CMR,38971899132.8178
GDP (constant 2015 US$),NY.GDP.MKTP.KD,Canada,CAN,1680392784898.42
GDP (constant 2015 US$),NY.GDP.MKTP.KD,Cayman Islands,CYM,5217706496.29372
GDP (constant 2015 US$),NY.GDP.MKTP.KD,Central African Republic,CAF,2022834646.72387
GDP (constant 2015 US$),NY.GDP.MKTP.KD,Chad,TCD,10233348946.4665
GDP (constant 2015 US$),NY.GDP.MKTP.KD,Channel Islands,CHI,..
GDP (constant 2015 US$),NY.GDP.MKTP.KD,Chile,CHL,275165008283.959
GDP (constant 2015 US$),NY.GDP.MKTP.KD,China,CHN,15801910975837
GDP (constant 2015 US$),NY.GDP.MKTP.KD,Colombia,COL,330638330721.984
GDP (constant 2015 US$),NY.GDP.MKTP.KD,Comoros,COM,1113744509.2175
GDP (constant 2015 US$),NY.GDP.MKTP.KD,"Congo, Dem. Rep.",COD,48065878270.7532
GDP (constant 2015 US$),NY.GDP.MKTP.KD,"Congo, Rep.",COG,8846462526.11771
GDP (constant 2015 US$),NY.GDP.MKTP.KD,Costa Rica,CRI,66456647135.0333
GDP (constant 2015 US$),NY.GDP.MKTP.KD,Cote d'Ivoire,CIV,65342546289.7639
GDP (constant 2015 US$),NY.GDP.MKTP.KD,Croatia,HRV,59133845410.8868
GDP (constant 2015 US$),NY.GDP.MKTP.KD,Cuba,CUB,82070972392.6605
GDP (constant 2015 US$),NY.GDP.MKTP.KD,Curacao,CUW,2382020134.09476
GDP (constant 2015 US$),NY.GDP.MKTP.KD,Cyprus,CYP,25506368382.3966
GDP (constant 2015 US$),NY.GDP.MKTP.KD,Czechia,CZE,210995924589.664
GDP (constant 2015 US$),NY.GDP.MKTP.KD,Denmark,DNK,341796501447.231
GDP (constant 2015 US$),NY.GDP.MKTP.KD,Djibouti,DJI,3212645612.37725
GDP (constant 2015 US$),NY.GDP.MKTP.KD,Dominica,DMA,504333887.003359
GDP (constant 2015 US$),NY.GDP.MKTP.KD,Dominican Republic,DOM,93508045538.4091
GDP (constant 2015 US$),NY.GDP.MKTP.KD,Ecuador,ECU,97753879511.9558
GDP (constant 2015 US$),NY.GDP.MKTP.KD,"Egypt, Arab Rep.",EGY,425960412713.496
GDP (constant 2015 US$),NY.GDP.MKTP.KD,El Salvador,SLV,26104797578.125
GDP (constant 2015 US$),NY.GDP.MKTP.KD,Equatorial Guinea,GNQ,9534008416.9666
GDP (constant 2015 US$),NY.GDP.MKTP.KD,Eritrea,ERI,..
GDP (constant 2015 US$),NY.GDP.MKTP.KD,Estonia,EST,28890861346.9492
GDP (constant 2015 US$),NY.GDP.MKTP.KD,Eswatini,SWZ,4677967470.29904
GDP (constant 2015 US$),NY.GDP.MKTP.KD,Ethiopia,ETH,100431269846.861
GDP (constant 2015 US$),NY.GDP.MKTP.KD,Faroe Islands,FRO,..
GDP (constant 2015 US$),NY.GDP.MKTP.KD,Fiji,FJI,4107979915.10721
GDP (constant 2015 US$),NY.GDP.MKTP.KD,Finland,FIN,256533803980.078
GDP (constant 2015 US$),NY.GDP.MKTP.KD,France,FRA,2577595870536.12
GDP (constant 2015 US$),NY.GDP.MKTP.KD,French Polynesia,PYF,5381881598.17791
GDP (constant 2015 US$),NY.GDP.MKTP.KD,Gabon,GAB,15398037653.6153
GDP (constant 2015 US$),NY.GDP.MKTP.KD,"Gambia, The",GMB,1759428016.77239
GDP (constant 2015 US$),NY.GDP.MKTP.KD,Georgia,GEO,18290210785.518
GDP (constant 2015 US$),NY.GDP.MKTP.KD,Germany,DEU,3554676005515.55
GDP (constant 2015 US$),NY.GDP.MKTP.KD,Ghana,GHA,66149905092.1402
GDP (constant 2015 US$),NY.GDP.MKTP.KD,Gibraltar,GIB,..
GDP (constant 2015 US$),NY.GDP.MKTP.KD,Greece,GRC,201202601384.494
GDP (constant 2015 US$),NY.GDP.MKTP.KD,Greenland,GRL,..
GDP (constant 2015 US$),NY.GDP.MKTP.KD,Grenada,GRD,1024705223.28044
GDP (constant 2015 US$),NY.GDP.MKTP.KD,Guam,GUM,5342045131.93812
GDP (constant 2015 US$),NY.GDP.MKTP.KD,Guatemala,GTM,75085039041.421
GDP (constant 2015 US$),NY.GDP.MKTP.KD,Guinea,GIN,13163554464.6514
GDP (constant 2015 US$),NY.GDP.MKTP.KD,Guinea-Bissau,GNB,1265072726.92494
GDP (constant 2015 US$),NY.GDP.MKTP.KD,Guyana,GUY,8735455982.28699
GDP (constant 2015 US$),NY.GDP.MKTP.KD,Haiti,HTI,14687836255.8884
GDP (constant 2015 US$),NY.GDP.MKTP.KD,Honduras,HND,24956121590.0023
GDP (constant 2015 US$),NY.GDP.MKTP.KD,"Hong Kong SAR, China",HKG,329744619774.384
GDP (constant 2015 US$),NY.GDP.MKTP.KD,Hungary,HUN,150685552164.535
GDP (constant 2015 US$),NY.GDP.MKTP.KD,Iceland,ISL,20271528517.8067
GDP (constant 2015 US$),NY.GDP.MKTP.KD,India,IND,2726370511450.72
GDP (constant 2015 US$),NY.GDP.MKTP.KD,Indonesia,IDN,1065594969739.24
GDP (constant 2015 US$),NY.GDP.MKTP.KD,"Iran, Islamic Rep.",IRN,469947053637.552
GDP (constant 2015 US$),NY.GDP.MKTP.KD,Iraq,IRQ,183896942952.401
GDP (constant 2015 US$),NY.GDP.MKTP.KD,Ireland,IRL,447783940484.606
GDP (constant 2015 US$),NY.GDP.MKTP.KD,Isle of Man,IMN,..
GDP (constant 2015 US$),NY.GDP.MKTP.KD,Israel,ISR,382099815616.826
GDP (constant 2015 US$),NY.GDP.MKTP.KD,Italy,ITA,1862306180833.87
GDP (constant 2015 US$),NY.GDP.MKTP.KD,Jamaica,JAM,14058988365.3687
GDP (constant 2015 US$),NY.GDP.MKTP.KD,Japan,JPN,4435430839945.36
GDP (constant 2015 US$),NY.GDP.MKTP.KD,Jordan,JOR,42157528600.2302
GDP (constant 2015 US$),NY.GDP.MKTP.KD,Kazakhstan,KAZ,214679957540.774
GDP (constant 2015 US$),NY.GDP.MKTP.KD,Kenya,KEN,90372800190.2183
GDP (constant 2015 US$),NY.GDP.MKTP.KD,Kiribati,KIR,178690724.1202
GDP (constant 2015 US$),NY.GDP.MKTP.KD,"Korea, Dem. People's Rep.",PRK,..
GDP (constant 2015 US$),NY.GDP.MKTP.KD,"Korea, Rep.",KOR,1693643458139.12
GDP (constant 2015 US$),NY.GDP.MKTP.KD,Kosovo,XKX,7912073583.22728
GDP (constant 2015 US$),NY.GDP.MKTP.KD,Kuwait,KWT,..
GDP (constant 2015 US$),NY.GDP.MKTP.KD,Kyrgyz Republic,KGZ,7517386396.51847
GDP (constant 2015 US$),NY.GDP.MKTP.KD,Lao PDR,LAO,19054756138.7783
GDP (constant 2015 US$),NY.GDP.MKTP.KD,Latvia,LVA,31300856486.9336
GDP (constant 2015 US$),NY.GDP.MKTP.KD,Lebanon,LBN,34090266918.9041
GDP (constant 2015 US$),NY.GDP.MKTP.KD,Lesotho,LSO,2221460906.64255
GDP (constant 2015 US$),NY.GDP.MKTP.KD,Liberia,LBR,3270920145.66908
GDP (constant 2015 US$),NY.GDP.MKTP.KD,Libya,LBY,60910775962.4039
GDP (constant 2015 US$),NY.GDP.MKTP.KD,Liechtenstein,LIE,..
GDP (constant 2015 US$),NY.GDP.MKTP.KD,Lithuania,LTU,51069702271.8047
GDP (constant 2015 US$),NY.GDP.MKTP.KD,Luxembourg,LUX,68993899662.5449
GDP (constant 2015 US$),NY.GDP.MKTP.KD,"Macao SAR, China",MAC,27876941821.8581
GDP (constant 2015 US$),NY.GDP.MKTP.KD,Madagascar,MDG,12784234882.5211
GDP (constant 2015 US$),NY.GDP.MKTP.KD,Malawi,MWI,7744644244.4961
GDP (constant 2015 US$),NY.GDP.MKTP.KD,Malaysia,MYS,355073045619.288
GDP (constant 2015 US$),NY.GDP.MKTP.KD,Maldives,MDV,5114229739.90564
GDP (constant 2015 US$),NY.GDP.MKTP.KD,Mali,MLI,16313964444.3202
GDP (constant 2015 US$),NY.GDP.MKTP.KD,Malta,MLT,14462554088.5388
GDP (constant 2015 US$),NY.GDP.MKTP.KD,Marshall Islands,MHL,221287100
GDP (constant 2015 US$),NY.GDP.MKTP.KD,Mauritania,MRT,7429785380.35569
GDP (constant 2015 US$),NY.GDP.MKTP.KD,Mauritius,MUS,12285243876.5082
GDP (constant 2015 US$),NY.GDP.MKTP.KD,Mexico,MEX,1206918348543.94
GDP (constant 2015 US$),NY.GDP.MKTP.KD,"Micronesia, Fed. Sts.",FSM,316176982.024014
GDP (constant 2015 US$),NY.GDP.MKTP.KD,Moldova,MDA,9662250294.38284
GDP (constant 2015 US$),NY.GDP.MKTP.KD,Monaco,MCO,7490920324.03835
GDP (constant 2015 US$),NY.GDP.MKTP.KD,Mongolia,MNG,13749955501.4005
GDP (constant 2015 US$),NY.GDP.MKTP.KD,Montenegro,MNE,4551482433.07461
GDP (constant 2015 US$),NY.GDP.MKTP.KD,Morocco,MAR,123866072116.035
GDP (constant 2015 US$),NY.GDP.MKTP.KD,Mozambique,MOZ,18383776165.8719
GDP (constant 2015 US$),NY.GDP.MKTP.KD,Myanmar,MMR,70876447890.5865
GDP (constant 2015 US$),NY.GDP.MKTP.KD,Namibia,NAM,10617235457.7711
GDP (constant 2015 US$),NY.GDP.MKTP.KD,Nauru,NRU,92009873.2562332
GDP (constant 2015 US$),NY.GDP.MKTP.KD,Nepal,NPL,31149050463.281
GDP (constant 2015 US$),NY.GDP.MKTP.KD,Netherlands,NLD,846872832523.287
GDP (constant 2015 US$),NY.GDP.MKTP.KD,New Caledonia,NCL,..
GDP (constant 2015 US$),NY.GDP.MKTP.KD,New Zealand,NZL,207032276406.53
GDP (constant 2015 US$),NY.GDP.MKTP.KD,Nicaragua,NIC,14063479455.7512
GDP (constant 2015 US$),NY.GDP.MKTP.KD,Niger,NER,12821088020.2472
GDP (constant 2015 US$),NY.GDP.MKTP.KD,Nigeria,NGA,518476820025.41
GDP (constant 2015 US$),NY.GDP.MKTP.KD,North Macedonia,MKD,10918282612.6373
GDP (constant 2015 US$),NY.GDP.MKTP.KD,Northern Mariana Islands,MNP,..
GDP (constant 2015 US$),NY.GDP.MKTP.KD,Norway,NOR,419214549963.832
GDP (constant 2015 US$),NY.GDP.MKTP.KD,Oman,OMN,82728063877.9983
GDP (constant 2015 US$),NY.GDP.MKTP.KD,Pakistan,PAK,341055457917.518
GDP (constant 2015 US$),NY.GDP.MKTP.KD,Palau,PLW,212807414.38012
GDP (constant 2015 US$),NY.GDP.MKTP.KD,Panama,PAN,60575131170.7591
GDP (constant 2015 US$),NY.GDP.MKTP.KD,Papua New Guinea,PNG,24008697651.1126
GDP (constant 2015 US$),NY.GDP.MKTP.KD,Paraguay,PRY,41998595069.0638
GDP (constant 2015 US$),NY.GDP.MKTP.KD,Peru,PER,217029926567.802
GDP (constant 2015 US$),NY.GDP.MKTP.KD,Philippines,PHL,378957382755.316
GDP (constant 2015 US$),NY.GDP.MKTP.KD,Poland,POL,598302692664.81
GDP (constant 2015 US$),NY.GDP.MKTP.KD,Portugal,PRT,215084035589.303
GDP (constant 2015 US$),NY.GDP.MKTP.KD,Puerto Rico,PRI,92384731703.8916
GDP (constant 2015 US$),NY.GDP.MKTP.KD,Qatar,QAT,163984573110.552
GDP (constant 2015 US$),NY.GDP.MKTP.KD,Romania,ROU,220677389818.034
GDP (constant 2015 US$),NY.GDP.MKTP.KD,Russian Federation,RUS,1490186403606.44
GDP (constant 2015 US$),NY.GDP.MKTP.KD,Rwanda,RWA,11983600399.7754
GDP (constant 2015 US$),NY.GDP.MKTP.KD,Samoa,WSM,843469448.211677
GDP (constant 2015 US$),NY.GDP.MKTP.KD,San Marino,SMR,..
GDP (constant 2015 US$),NY.GDP.MKTP.KD,Sao Tome and Principe,STP,377594164.665218
GDP (constant 2015 US$),NY.GDP.MKTP.KD,Saudi Arabia,SAU,672126508709.167
GDP (constant 2015 US$),NY.GDP.MKTP.KD,Senegal,SEN,24246000776.7559
GDP (constant 2015 US$),NY.GDP.MKTP.KD,Serbia,SRB,48616503417.8404
GDP (constant 2015 US$),NY.GDP.MKTP.KD,Seychelles,SYC,1651621574.39045
GDP (constant 2015 US$),NY.GDP.MKTP.KD,Sierra Leone,SLE,5181034757.05245
GDP (constant 2015 US$),NY.GDP.MKTP.KD,Singapore,SGP,360897294151.877
GDP (constant 2015 US$),NY.GDP.MKTP.KD,Sint Maarten (Dutch part),SXM,..
GDP (constant 2015 US$),NY.GDP.MKTP.KD,Slovak Republic,SVK,99037470565.4898
GDP (constant 2015 US$),NY.GDP.MKTP.KD,Slovenia,SVN,52164080297.0887
GDP (constant 2015 US$),NY.GDP.MKTP.KD,Solomon Islands,SLB,1434447635.13469
GDP (constant 2015 US$),NY.GDP.MKTP.KD,Somalia,SOM,7302356498.62434
GDP (constant 2015 US$),NY.GDP.MKTP.KD,South Africa,ZAF,353258433207.809
GDP (constant 2015 US$),NY.GDP.MKTP.KD,South Sudan,SSD,..
GDP (constant 2015 US$),NY.GDP.MKTP.KD,Spain,ESP,1238777799460.16
GDP (constant 2015 US$),NY.GDP.MKTP.KD,Sri Lanka,LKA,96953497412.3508
GDP (constant 2015 US$),NY.GDP.MKTP.KD,St. Kitts and Nevis,KNA,894798332.818047
GDP (constant 2015 US$),NY.GDP.MKTP.KD,St. Lucia,LCA,1681956324.94567
GDP (constant 2015 US$),NY.GDP.MKTP.KD,St. Martin (French part),MAF,..
GDP (constant 2015 US$),NY.GDP.MKTP.KD,St. Vincent and the Grenadines,VCT,827008862.947404
GDP (constant 2015 US$),NY.GDP.MKTP.KD,Sudan,SDN,79726256121.3698
GDP (constant 2015 US$),NY.GDP.MKTP.KD,Suriname,SUR,4296021063.31693
GDP (constant 2015 US$),NY.GDP.MKTP.KD,Sweden,SWE,565187309896.877
GDP (constant 2015 US$),NY.GDP.MKTP.KD,Switzerland,CHE,760153301723.961
GDP (constant 2015 US$),NY.GDP.MKTP.KD,Syrian Arab Republic,SYR,..
GDP (constant 2015 US$),NY.GDP.MKTP.KD,Tajikistan,TJK,12476305395.4091
GDP (constant 2015 US$),NY.GDP.MKTP.KD,Tanzania,TZA,64155324269.6851
GDP (constant 2015 US$),NY.GDP.MKTP.KD,Thailand,THA,438481352062.015
GDP (constant 2015 US$),NY.GDP.MKTP.KD,Timor-Leste,TLS,2722486416.11599
GDP (constant 2015 US$),NY.GDP.MKTP.KD,Togo,TGO,5460539879.65106
GDP (constant 2015 US$),NY.GDP.MKTP.KD,Tonga,TON,475116313.580534
GDP (constant 2015 US$),NY.GDP.MKTP.KD,Trinidad and Tobago,TTO,21633220892.8315
GDP (constant 2015 US$),NY.GDP.MKTP.KD,Tunisia,TUN,46984709045.0087
GDP (constant 2015 US$),NY.GDP.MKTP.KD,Turkiye,TUR,1131039375185.18
GDP (constant 2015 US$),NY.GDP.MKTP.KD,Turkmenistan,TKM,..
GDP (constant 2015 US$),NY.GDP.MKTP.KD,Turks and Caicos Islands,TCA,819238629.835959
GDP (constant 2015 US$),NY.GDP.MKTP.KD,Tuvalu,TUV,47924613.3500028
GDP (constant 2015 US$),NY.GDP.MKTP.KD,Uganda,UGA,42210586101.346
GDP (constant 2015 US$),NY.GDP.MKTP.KD,Ukraine,UKR,101454370523.026
GDP (constant 2015 US$),NY.GDP.MKTP.KD,United Arab Emirates,ARE,398355489726.86
GDP (constant 2015 US$),NY.GDP.MKTP.KD,United Kingdom,GBR,3036531677286.59
GDP (constant 2015 US$),NY.GDP.MKTP.KD,United States,USA,20529459727000
GDP (constant 2015 US$),NY.GDP.MKTP.KD,Uruguay,URY,54390979802.7041
GDP (constant 2015 US$),NY.GDP.MKTP.KD,Uzbekistan,UZB,116189780661.192
GDP (constant 2015 US$),NY.GDP.MKTP.KD,Vanuatu,VUT,821237704.483277
GDP (constant 2015 US$),NY.GDP.MKTP.KD,"Venezuela, RB",VEN,..
GDP (constant 2015 US$),NY.GDP.MKTP.KD,Vietnam,VNM,332270919943.164
GDP (constant 2015 US$),NY.GDP.MKTP.KD,Virgin Islands (U.S.),VIR,..
GDP (constant 2015 US$),NY.GDP.MKTP.KD,West Bank and Gaza,PSE,15027100000
GDP (constant 2015 US$),NY.GDP.MKTP.KD,"Yemen, Rep.",YEM,..
GDP (constant 2015 US$),NY.GDP.MKTP.KD,Zambia,ZMB,24495920766.0265
GDP (constant 2015 US$),NY.GDP.MKTP.KD,Africa Eastern and Southern,AFE,1029191280184.5
GDP (constant 2015 US$),NY.GDP.MKTP.KD,Africa Western and Central,AFW,859759230129.68
GDP (constant 2015 US$),NY.GDP.MKTP.KD,Arab World,ARB,2717645709810.99
GDP (constant 2015 US$),NY.GDP.MKTP.KD,Caribbean small states,CSS,72374976299.5848
GDP (constant 2015 US$),NY.GDP.MKTP.KD,Central Europe and the Baltics,CEB,1561640686883.48
GDP (constant 2015 US$),NY.GDP.MKTP.KD,Early-demographic dividend,EAR,12021732149637.2
GDP (constant 2015 US$),NY.GDP.MKTP.KD,East Asia & Pacific,EAS,27829749070825.6
GDP (constant 2015 US$),NY.GDP.MKTP.KD,East Asia & Pacific (excluding high income),EAP,18559020553367.1
GDP (constant 2015 US$),NY.GDP.MKTP.KD,East Asia & Pacific (IDA & IBRD countries),TEA,18535173395504.2
GDP (constant 2015 US$),NY.GDP.MKTP.KD,Euro area,EMU,12474758949852.7
GDP (constant 2015 US$),NY.GDP.MKTP.KD,Europe & Central Asia,ECS,22325731794536.9
GDP (constant 2015 US$),NY.GDP.MKTP.KD,Europe & Central Asia (excluding high income),ECA,3440746808080.24
GDP (constant 2015 US$),NY.GDP.MKTP.KD,Europe & Central Asia (IDA & IBRD countries),TEC,4318661105241.69
GDP (constant 2015 US$),NY.GDP.MKTP.KD,European Union,EUU,14680920477112
GDP (constant 2015 US$),NY.GDP.MKTP.KD,Fragile and conflict affected situations,FCS,1794456108403.43
GDP (constant 2015 US$),NY.GDP.MKTP.KD,Heavily indebted poor countries (HIPC),HPC,855700569088.207
GDP (constant 2015 US$),NY.GDP.MKTP.KD,High income,HIC,52776246144404.7
GDP (constant 2015 US$),NY.GDP.MKTP.KD,IBRD only,IBD,32709836267422.7
GDP (constant 2015 US$),NY.GDP.MKTP.KD,IDA & IBRD total,IBT,35295923070631.8
GDP (constant 2015 US$),NY.GDP.MKTP.KD,IDA blend,IDB,1171154692430.04
GDP (constant 2015 US$),NY.GDP.MKTP.KD,IDA only,IDX,1413882215333.07
GDP (constant 2015 US$),NY.GDP.MKTP.KD,IDA total,IDA,2583962097129.02
GDP (constant 2015 US$),NY.GDP.MKTP.KD,Late-demographic dividend,LTE,24145079621464.1
GDP (constant 2015 US$),NY.GDP.MKTP.KD,Latin America & Caribbean,LCN,5564227906988.83
GDP (constant 2015 US$),NY.GDP.MKTP.KD,Latin America & Caribbean (excluding high income),LAC,4759725021775.76
GDP (constant 2015 US$),NY.GDP.MKTP.KD,Latin America & the Caribbean (IDA & IBRD countries),TLA,5354467166867.9
GDP (constant 2015 US$),NY.GDP.MKTP.KD,Least developed countries: UN classification,LDC,1167630055593.07
GDP (constant 2015 US$),NY.GDP.MKTP.KD,Low & middle income,LMY,33787943825015
GDP (constant 2015 US$),NY.GDP.MKTP.KD,Low income,LIC,559939005867.808
GDP (constant 2015 US$),NY.GDP.MKTP.KD,Lower middle income,LMC,8075259395760.73
GDP (constant 2015 US$),NY.GDP.MKTP.KD,Middle East & North Africa,MEA,3490367623515.52
GDP (constant 2015 US$),NY.GDP.MKTP.KD,Middle East & North Africa (excluding high income),MNA,1633874436061.77
GDP (constant 2015 US$),NY.GDP.MKTP.KD,Middle East & North Africa (IDA & IBRD countries),TMN,1618868434961.1
GDP (constant 2015 US$),NY.GDP.MKTP.KD,Middle income,MIC,33232046696447.4
GDP (constant 2015 US$),NY.GDP.MKTP.KD,North America,NAC,22216570540360.1
GDP (constant 2015 US$),NY.GDP.MKTP.KD,Not classified,INX,..
GDP (constant 2015 US$),NY.GDP.MKTP.KD,OECD members,OED,52000568080540.5
GDP (constant 2015 US$),NY.GDP.MKTP.KD,Other small states,OSS,398834326471.092
GDP (constant 2015 US$),NY.GDP.MKTP.KD,Pacific island small states,PSS,8751147723.64796
GDP (constant 2015 US$),NY.GDP.MKTP.KD,Post-demographic dividend,PST,48502341844168.4
GDP (constant 2015 US$),NY.GDP.MKTP.KD,Pre-demographic dividend,PRE,1474562958898.93
GDP (constant 2015 US$),NY.GDP.MKTP.KD,Small states,SST,479961534471.189
GDP (constant 2015 US$),NY.GDP.MKTP.KD,South Asia,SAS,3505310317844.78
GDP (constant 2015 US$),NY.GDP.MKTP.KD,South Asia (IDA & IBRD),TSA,3505310317844.78
GDP (constant 2015 US$),NY.GDP.MKTP.KD,Sub-Saharan Africa,SSF,1888943895042.63
GDP (constant 2015 US$),NY.GDP.MKTP.KD,Sub-Saharan Africa (excluding high income),SSA,1887291539697.38
GDP (constant 2015 US$),NY.GDP.MKTP.KD,Sub-Saharan Africa (IDA & IBRD countries),TSS,1888943895042.63
GDP (constant 2015 US$),NY.GDP.MKTP.KD,Upper middle income,UMC,25157315909734
GDP (constant 2015 US$),NY.GDP.MKTP.KD,World,WLD,86860283231171.3
"GDP, PPP (current international $)",NY.GDP.MKTP.PP.CD,Afghanistan,AFG,66797918068.5774
"GDP, PPP (current international $)",NY.GDP.MKTP.PP.CD,Albania,ALB,44464843324.881
"GDP, PPP (current international $)",NY.GDP.MKTP.PP.CD,Zimbabwe,ZWE,37163947921.2402
"GDP, PPP (current international $)",NY.GDP.MKTP.PP.CD,Algeria,DZA,535802556587.487
"GDP, PPP (current international $)",NY.GDP.MKTP.PP.CD,American Samoa,ASM,..
"GDP, PPP (current international $)",NY.GDP.MKTP.PP.CD,Andorra,AND,..
"GDP, PPP (current international $)",NY.GDP.MKTP.PP.CD,Angola,AGO,223968329962.469
"GDP, PPP (current international $)",NY.GDP.MKTP.PP.CD,Antigua and Barbuda,ATG,1958531523.18315
"GDP, PPP (current international $)",NY.GDP.MKTP.PP.CD,Argentina,ARG,1083361763233
"GDP, PPP (current international $)",NY.GDP.MKTP.PP.CD,Armenia,ARM,43518226807.9485
"GDP, PPP (current international $)",NY.GDP.MKTP.PP.CD,Aruba,ABW,4548955165.72919
"GDP, PPP (current international $)",NY.GDP.MKTP.PP.CD,Australia,AUS,1437172297451.33
"GDP, PPP (current international $)",NY.GDP.MKTP.PP.CD,Austria,AUT,533341482570.592
"GDP, PPP (current international $)",NY.GDP.MKTP.PP.CD,Azerbaijan,AZE,160729472760.502
"GDP, PPP (current international $)",NY.GDP.MKTP.PP.CD,"Bahamas, The",BHS,13537883107.8404
"GDP, PPP (current international $)",NY.GDP.MKTP.PP.CD,Bahrain,BHR,79392034653.1786
"GDP, PPP (current international $)",NY.GDP.MKTP.PP.CD,Bangladesh,BGD,1099767213458.98
"GDP, PPP (current international $)",NY.GDP.MKTP.PP.CD,Barbados,BRB,4249201201.54306
"GDP, PPP (current international $)",NY.GDP.MKTP.PP.CD,Belarus,BLR,202671495340.37
"GDP, PPP (current international $)",NY.GDP.MKTP.PP.CD,Belgium,BEL,688480845299.085
"GDP, PPP (current international $)",NY.GDP.MKTP.PP.CD,Belize,BLZ,3850927852.10185
"GDP, PPP (current international $)",NY.GDP.MKTP.PP.CD,Benin,BEN,47426198185.2374
"GDP, PPP (current international $)",NY.GDP.MKTP.PP.CD,Bermuda,BMU,5632141148.61389
"GDP, PPP (current international $)",NY.GDP.MKTP.PP.CD,Bhutan,BTN,9316861178.72335
"GDP, PPP (current international $)",NY.GDP.MKTP.PP.CD,Bolivia,BOL,106855999403.033
"GDP, PPP (current international $)",NY.GDP.MKTP.PP.CD,Bosnia and Herzegovina,BIH,57218377285.3752
"GDP, PPP (current international $)",NY.GDP.MKTP.PP.CD,Botswana,BWA,42202045545.4369
"GDP, PPP (current international $)",NY.GDP.MKTP.PP.CD,Brazil,BRA,3435882150019.29
"GDP, PPP (current international $)",NY.GDP.MKTP.PP.CD,British Virgin Islands,VGB,..
"GDP, PPP (current international $)",NY.GDP.MKTP.PP.CD,Brunei Darussalam,BRN,29419224102.1677
"GDP, PPP (current international $)",NY.GDP.MKTP.PP.CD,Bulgaria,BGR,193354340949.162
"GDP, PPP (current international $)",NY.GDP.MKTP.PP.CD,Burkina Faso,BFA,52924624145.5729
"GDP, PPP (current international $)",NY.GDP.MKTP.PP.CD,Burundi,BDI,9721452801.8507
"GDP, PPP (current international $)",NY.GDP.MKTP.PP.CD,Cabo Verde,CPV,3949066550.61253
"GDP, PPP (current international $)",NY.GDP.MKTP.PP.CD,Cambodia,KHM,79360287089.7949
"GDP, PPP (current international $)",NY.GDP.MKTP.PP.CD,Cameroon,CMR,110570898173.279
"GDP, PPP (current international $)",NY.GDP.MKTP.PP.CD,Canada,CAN,2016038366732.46
"GDP, PPP (current international $)",NY.GDP.MKTP.PP.CD,Cayman Islands,CYM,5052644014.08936
"GDP, PPP (current international $)",NY.GDP.MKTP.PP.CD,Central African Republic,CAF,5021009903.68172
"GDP, PPP (current international $)",NY.GDP.MKTP.PP.CD,Chad,TCD,26904179972.132
"GDP, PPP (current international $)",NY.GDP.MKTP.PP.CD,Channel Islands,CHI,..
"GDP, PPP (current international $)",NY.GDP.MKTP.PP.CD,Chile,CHL,552981391697.36
"GDP, PPP (current international $)",NY.GDP.MKTP.PP.CD,China,CHN,27312548291593.1
"GDP, PPP (current international $)",NY.GDP.MKTP.PP.CD,Colombia,COL,869840627132.734
"GDP, PPP (current international $)",NY.GDP.MKTP.PP.CD,Comoros,COM,2914175292.48454
"GDP, PPP (current international $)",NY.GDP.MKTP.PP.CD,"Congo, Dem. Rep.",COD,113107029912.041
"GDP, PPP (current international $)",NY.GDP.MKTP.PP.CD,"Congo, Rep.",COG,20736299344.6761
"GDP, PPP (current international $)",NY.GDP.MKTP.PP.CD,Costa Rica,CRI,116100281095.227
"GDP, PPP (current international $)",NY.GDP.MKTP.PP.CD,Cote d'Ivoire,CIV,160749183471.489
"GDP, PPP (current international $)",NY.GDP.MKTP.PP.CD,Croatia,HRV,134685972582.603
"GDP, PPP (current international $)",NY.GDP.MKTP.PP.CD,Cuba,CUB,..
"GDP, PPP (current international $)",NY.GDP.MKTP.PP.CD,Curacao,CUW,3478918595.46195
"GDP, PPP (current international $)",NY.GDP.MKTP.PP.CD,Cyprus,CYP,39980263498.8216
"GDP, PPP (current international $)",NY.GDP.MKTP.PP.CD,Czechia,CZE,480313797723.704
"GDP, PPP (current international $)",NY.GDP.MKTP.PP.CD,Denmark,DNK,378863832299.818
"GDP, PPP (current international $)",NY.GDP.MKTP.PP.CD,Djibouti,DJI,5967441822.44195
"GDP, PPP (current international $)",NY.GDP.MKTP.PP.CD,Dominica,DMA,865363745.087201
"GDP, PPP (current international $)",NY.GDP.MKTP.PP.CD,Dominican Republic,DOM,227499666712.829
"GDP, PPP (current international $)",NY.GDP.MKTP.PP.CD,Ecuador,ECU,208600950803.523
"GDP, PPP (current international $)",NY.GDP.MKTP.PP.CD,"Egypt, Arab Rep.",EGY,1388329424822.99
"GDP, PPP (current international $)",NY.GDP.MKTP.PP.CD,El Salvador,SLV,63027295302.7531
"GDP, PPP (current international $)",NY.GDP.MKTP.PP.CD,Equatorial Guinea,GNQ,26282447438.7075
"GDP, PPP (current international $)",NY.GDP.MKTP.PP.CD,Eritrea,ERI,..
"GDP, PPP (current international $)",NY.GDP.MKTP.PP.CD,Estonia,EST,56420510064.9406
"GDP, PPP (current international $)",NY.GDP.MKTP.PP.CD,Eswatini,SWZ,11600878053.0651
"GDP, PPP (current international $)",NY.GDP.MKTP.PP.CD,Ethiopia,ETH,306447087760.791
"GDP, PPP (current international $)",NY.GDP.MKTP.PP.CD,Faroe Islands,FRO,..
"GDP, PPP (current international $)",NY.GDP.MKTP.PP.CD,Fiji,FJI,10522588362.3812
"GDP, PPP (current international $)",NY.GDP.MKTP.PP.CD,Finland,FIN,305959912421.826
"GDP, PPP (current international $)",NY.GDP.MKTP.PP.CD,France,FRA,3455864816389.23
"GDP, PPP (current international $)",NY.GDP.MKTP.PP.CD,French Polynesia,PYF,..
"GDP, PPP (current international $)",NY.GDP.MKTP.PP.CD,Gabon,GAB,35529000505.4917
"GDP, PPP (current international $)",NY.GDP.MKTP.PP.CD,"Gambia, The",GMB,6022454960.04951
"GDP, PPP (current international $)",NY.GDP.MKTP.PP.CD,Georgia,GEO,63096682194.0307
"GDP, PPP (current international $)",NY.GDP.MKTP.PP.CD,Germany,DEU,4849560695227.46
"GDP, PPP (current international $)",NY.GDP.MKTP.PP.CD,Ghana,GHA,196050132518.675
"GDP, PPP (current international $)",NY.GDP.MKTP.PP.CD,Gibraltar,GIB,..
"GDP, PPP (current international $)",NY.GDP.MKTP.PP.CD,Greece,GRC,335133033938.539
"GDP, PPP (current international $)",NY.GDP.MKTP.PP.CD,Greenland,GRL,..
"GDP, PPP (current international $)",NY.GDP.MKTP.PP.CD,Grenada,GRD,1873866431.76793
"GDP, PPP (current international $)",NY.GDP.MKTP.PP.CD,Guam,GUM,..
"GDP, PPP (current international $)",NY.GDP.MKTP.PP.CD,Guatemala,GTM,167792339917.516
"GDP, PPP (current international $)",NY.GDP.MKTP.PP.CD,Guinea,GIN,39251579673.6738
"GDP, PPP (current international $)",NY.GDP.MKTP.PP.CD,Guinea-Bissau,GNB,4146064483.44827
"GDP, PPP (current international $)",NY.GDP.MKTP.PP.CD,Guyana,GUY,19379525610.189
"GDP, PPP (current international $)",NY.GDP.MKTP.PP.CD,Haiti,HTI,36095639132.6724
"GDP, PPP (current international $)",NY.GDP.MKTP.PP.CD,Honduras,HND,62919565687.4281
"GDP, PPP (current international $)",NY.GDP.MKTP.PP.CD,"Hong Kong SAR, China",HKG,488461722079.693
"GDP, PPP (current international $)",NY.GDP.MKTP.PP.CD,Hungary,HUN,357074809712.595
"GDP, PPP (current international $)",NY.GDP.MKTP.PP.CD,Iceland,ISL,21599436220.8163
"GDP, PPP (current international $)",NY.GDP.MKTP.PP.CD,India,IND,10193555145927.3
"GDP, PPP (current international $)",NY.GDP.MKTP.PP.CD,Indonesia,IDN,3566265111446.87
"GDP, PPP (current international $)",NY.GDP.MKTP.PP.CD,"Iran, Islamic Rep.",IRN,1449336478964.25
"GDP, PPP (current international $)",NY.GDP.MKTP.PP.CD,Iraq,IRQ,428633553457.637
"GDP, PPP (current international $)",NY.GDP.MKTP.PP.CD,Ireland,IRL,530404211734.27
"GDP, PPP (current international $)",NY.GDP.MKTP.PP.CD,Isle of Man,IMN,..
"GDP, PPP (current international $)",NY.GDP.MKTP.PP.CD,Israel,ISR,406793288533.742
"GDP, PPP (current international $)",NY.GDP.MKTP.PP.CD,Italy,ITA,2741817339469.38
"GDP, PPP (current international $)",NY.GDP.MKTP.PP.CD,Jamaica,JAM,29811646922.6362
"GDP, PPP (current international $)",NY.GDP.MKTP.PP.CD,Japan,JPN,5310169524261.11
"GDP, PPP (current international $)",NY.GDP.MKTP.PP.CD,Jordan,JOR,112959970081.443
"GDP, PPP (current international $)",NY.GDP.MKTP.PP.CD,Kazakhstan,KAZ,545041403819.964
"GDP, PPP (current international $)",NY.GDP.MKTP.PP.CD,Kenya,KEN,276221293785.249
"GDP, PPP (current international $)",NY.GDP.MKTP.PP.CD,Kiribati,KIR,274253748.691423
"GDP, PPP (current international $)",NY.GDP.MKTP.PP.CD,"Korea, Dem. People's Rep.",PRK,..
"GDP, PPP (current international $)",NY.GDP.MKTP.PP.CD,"Korea, Rep.",KOR,2425556119305.55
"GDP, PPP (current international $)",NY.GDP.MKTP.PP.CD,Kosovo,XKX,23318334908.5639
"GDP, PPP (current international $)",NY.GDP.MKTP.PP.CD,Kuwait,KWT,..
"GDP, PPP (current international $)",NY.GDP.MKTP.PP.CD,Kyrgyz Republic,KGZ,35397528301.5484
"GDP, PPP (current international $)",NY.GDP.MKTP.PP.CD,Lao PDR,LAO,64008799938.2234
"GDP, PPP (current international $)",NY.GDP.MKTP.PP.CD,Latvia,LVA,64575186898.9029
"GDP, PPP (current international $)",NY.GDP.MKTP.PP.CD,Lebanon,LBN,79732404838.245
"GDP, PPP (current international $)",NY.GDP.MKTP.PP.CD,Lesotho,LSO,5752756216.43659
"GDP, PPP (current international $)",NY.GDP.MKTP.PP.CD,Liberia,LBR,8120180788.46175
"GDP, PPP (current international $)",NY.GDP.MKTP.PP.CD,Libya,LBY,162527823149.666
"GDP, PPP (current international $)",NY.GDP.MKTP.PP.CD,Liechtenstein,LIE,..
"GDP, PPP (current international $)",NY.GDP.MKTP.PP.CD,Lithuania,LTU,120984865729.221
"GDP, PPP (current international $)",NY.GDP.MKTP.PP.CD,Luxembourg,LUX,85361281976.9435
"GDP, PPP (current international $)",NY.GDP.MKTP.PP.CD,"Macao SAR, China",MAC,48876569462.7431
"GDP, PPP (current international $)",NY.GDP.MKTP.PP.CD,Madagascar,MDG,46494497008.9213
"GDP, PPP (current international $)",NY.GDP.MKTP.PP.CD,Malawi,MWI,32582425634.7195
"GDP, PPP (current international $)",NY.GDP.MKTP.PP.CD,Malaysia,MYS,971274521662.056
"GDP, PPP (current international $)",NY.GDP.MKTP.PP.CD,Maldives,MDV,10750030600.0902
"GDP, PPP (current international $)",NY.GDP.MKTP.PP.CD,Mali,MLI,51032174284.6998
"GDP, PPP (current international $)",NY.GDP.MKTP.PP.CD,Malta,MLT,25359865479.4025
"GDP, PPP (current international $)",NY.GDP.MKTP.PP.CD,Marshall Islands,MHL,275411600.233808
"GDP, PPP (current international $)",NY.GDP.MKTP.PP.CD,Mauritania,MRT,26909069259.1698
"GDP, PPP (current international $)",NY.GDP.MKTP.PP.CD,Mauritius,MUS,29164050394.3789
"GDP, PPP (current international $)",NY.GDP.MKTP.PP.CD,Mexico,MEX,2480684356316.28
"GDP, PPP (current international $)",NY.GDP.MKTP.PP.CD,"Micronesia, Fed. Sts.",FSM,412033894.04114
"GDP, PPP (current international $)",NY.GDP.MKTP.PP.CD,Moldova,MDA,40249130836.3919
"GDP, PPP (current international $)",NY.GDP.MKTP.PP.CD,Monaco,MCO,..
"GDP, PPP (current international $)",NY.GDP.MKTP.PP.CD,Mongolia,MNG,42914813892.9472
"GDP, PPP (current international $)",NY.GDP.MKTP.PP.CD,Montenegro,MNE,14514577049.8743
"GDP, PPP (current international $)",NY.GDP.MKTP.PP.CD,Morocco,MAR,333242868979.042
"GDP, PPP (current international $)",NY.GDP.MKTP.PP.CD,Mozambique,MOZ,43230912231.7895
"GDP, PPP (current international $)",NY.GDP.MKTP.PP.CD,Myanmar,MMR,238337478243.118
"GDP, PPP (current international $)",NY.GDP.MKTP.PP.CD,Namibia,NAM,25399523677.949
"GDP, PPP (current international $)",NY.GDP.MKTP.PP.CD,Nauru,NRU,164211233.477789
"GDP, PPP (current international $)",NY.GDP.MKTP.PP.CD,Nepal,NPL,126440077054.981
"GDP, PPP (current international $)",NY.GDP.MKTP.PP.CD,Netherlands,NLD,1117869147128.96
"GDP, PPP (current international $)",NY.GDP.MKTP.PP.CD,New Caledonia,NCL,..
"GDP, PPP (current international $)",NY.GDP.MKTP.PP.CD,New Zealand,NZL,242228481745.722
"GDP, PPP (current international $)",NY.GDP.MKTP.PP.CD,Nicaragua,NIC,42437042534.81
"GDP, PPP (current international $)",NY.GDP.MKTP.PP.CD,Niger,NER,32918624235.7563
"GDP, PPP (current international $)",NY.GDP.MKTP.PP.CD,Nigeria,NGA,1154069970945.9
"GDP, PPP (current international $)",NY.GDP.MKTP.PP.CD,North Macedonia,MKD,37882603303.4733
"GDP, PPP (current international $)",NY.GDP.MKTP.PP.CD,Northern Mariana Islands,MNP,..
"GDP, PPP (current international $)",NY.GDP.MKTP.PP.CD,Norway,NOR,435667115250.515
"GDP, PPP (current international $)",NY.GDP.MKTP.PP.CD,Oman,OMN,170313524882.259
"GDP, PPP (current international $)",NY.GDP.MKTP.PP.CD,Pakistan,PAK,1330100745810.55
"GDP, PPP (current international $)",NY.GDP.MKTP.PP.CD,Palau,PLW,272965710.988114
"GDP, PPP (current international $)",NY.GDP.MKTP.PP.CD,Panama,PAN,138809515093.799
"GDP, PPP (current international $)",NY.GDP.MKTP.PP.CD,Papua New Guinea,PNG,40196117944.8066
"GDP, PPP (current international $)",NY.GDP.MKTP.PP.CD,Paraguay,PRY,100806296877.808
"GDP, PPP (current international $)",NY.GDP.MKTP.PP.CD,Peru,PER,463538286394.483
"GDP, PPP (current international $)",NY.GDP.MKTP.PP.CD,Philippines,PHL,1012713767557.36
"GDP, PPP (current international $)",NY.GDP.MKTP.PP.CD,Poland,POL,1439480284654.09
"GDP, PPP (current international $)",NY.GDP.MKTP.PP.CD,Portugal,PRT,372191603042.675
"GDP, PPP (current international $)",NY.GDP.MKTP.PP.CD,Puerto Rico,PRI,117000537049.492
"GDP, PPP (current international $)",NY.GDP.MKTP.PP.CD,Qatar,QAT,274248669907.902
"GDP, PPP (current international $)",NY.GDP.MKTP.PP.CD,Romania,ROU,690414100112.699
"GDP, PPP (current international $)",NY.GDP.MKTP.PP.CD,Russian Federation,RUS,4808614596417.49
"GDP, PPP (current international $)",NY.GDP.MKTP.PP.CD,Rwanda,RWA,33112304813.9971
"GDP, PPP (current international $)",NY.GDP.MKTP.PP.CD,Samoa,WSM,1330033551.07035
"GDP, PPP (current international $)",NY.GDP.MKTP.PP.CD,San Marino,SMR,..
"GDP, PPP (current international $)",NY.GDP.MKTP.PP.CD,Sao Tome and Principe,STP,993192606.031231
"GDP, PPP (current international $)",NY.GDP.MKTP.PP.CD,Saudi Arabia,SAU,1751177858646.92
"GDP, PPP (current international $)",NY.GDP.MKTP.PP.CD,Senegal,SEN,64807161045.8899
"GDP, PPP (current international $)",NY.GDP.MKTP.PP.CD,Serbia,SRB,147944740068.033
"GDP, PPP (current international $)",NY.GDP.MKTP.PP.CD,Seychelles,SYC,3136171615.90465
"GDP, PPP (current international $)",NY.GDP.MKTP.PP.CD,Sierra Leone,SLE,14937368723.3692
"GDP, PPP (current international $)",NY.GDP.MKTP.PP.CD,Singapore,SGP,635266669765.65
"GDP, PPP (current international $)",NY.GDP.MKTP.PP.CD,Sint Maarten (Dutch part),SXM,..
"GDP, PPP (current international $)",NY.GDP.MKTP.PP.CD,Slovak Republic,SVK,182085016432.598
"GDP, PPP (current international $)",NY.GDP.MKTP.PP.CD,Slovenia,SVN,92367460541.5255
"GDP, PPP (current international $)",NY.GDP.MKTP.PP.CD,Solomon Islands,SLB,1874907741.44896
"GDP, PPP (current international $)",NY.GDP.MKTP.PP.CD,Somalia,SOM,21311710656.3811
"GDP, PPP (current international $)",NY.GDP.MKTP.PP.CD,South Africa,ZAF,868576995050.239
"GDP, PPP (current international $)",NY.GDP.MKTP.PP.CD,South Sudan,SSD,..
"GDP, PPP (current international $)",NY.GDP.MKTP.PP.CD,Spain,ESP,1925177610316.5
"GDP, PPP (current international $)",NY.GDP.MKTP.PP.CD,Sri Lanka,LKA,325838129451.801
"GDP, PPP (current international $)",NY.GDP.MKTP.PP.CD,St. Kitts and Nevis,KNA,1385200670.02527
"GDP, PPP (current international $)",NY.GDP.MKTP.PP.CD,St. Lucia,LCA,2574797926.14676
"GDP, PPP (current international $)",NY.GDP.MKTP.PP.CD,St. Martin (French part),MAF,..
"GDP, PPP (current international $)",NY.GDP.MKTP.PP.CD,St. Vincent and the Grenadines,VCT,1569706424.83187
"GDP, PPP (current international $)",NY.GDP.MKTP.PP.CD,Sudan,SDN,185641085414.245
"GDP, PPP (current international $)",NY.GDP.MKTP.PP.CD,Suriname,SUR,9944256861.28677
"GDP, PPP (current international $)",NY.GDP.MKTP.PP.CD,Sweden,SWE,617007783480.637
"GDP, PPP (current international $)",NY.GDP.MKTP.PP.CD,Switzerland,CHE,671381288253.731
"GDP, PPP (current international $)",NY.GDP.MKTP.PP.CD,Syrian Arab Republic,SYR,..
"GDP, PPP (current international $)",NY.GDP.MKTP.PP.CD,Tajikistan,TJK,41809911366.8578
"GDP, PPP (current international $)",NY.GDP.MKTP.PP.CD,Tanzania,TZA,175034871280.444
"GDP, PPP (current international $)",NY.GDP.MKTP.PP.CD,Thailand,THA,1343290766999.03
"GDP, PPP (current international $)",NY.GDP.MKTP.PP.CD,Timor-Leste,TLS,7302934213.66741
"GDP, PPP (current international $)",NY.GDP.MKTP.PP.CD,Togo,TGO,20179618497.5385
"GDP, PPP (current international $)",NY.GDP.MKTP.PP.CD,Tonga,TON,715457009.230799
"GDP, PPP (current international $)",NY.GDP.MKTP.PP.CD,Trinidad and Tobago,TTO,38612227874.3506
"GDP, PPP (current international $)",NY.GDP.MKTP.PP.CD,Tunisia,TUN,138356499712.486
"GDP, PPP (current international $)",NY.GDP.MKTP.PP.CD,Turkiye,TUR,2581588801725.43
"GDP, PPP (current international $)",NY.GDP.MKTP.PP.CD,Turkmenistan,TKM,..
"GDP, PPP (current international $)",NY.GDP.MKTP.PP.CD,Turks and Caicos Islands,TCA,917514699.359764
"GDP, PPP (current international $)",NY.GDP.MKTP.PP.CD,Tuvalu,TUV,60608169.0020951
"GDP, PPP (current international $)",NY.GDP.MKTP.PP.CD,Uganda,UGA,113162508309.993
"GDP, PPP (current international $)",NY.GDP.MKTP.PP.CD,Ukraine,UKR,588384275197.627
"GDP, PPP (current international $)",NY.GDP.MKTP.PP.CD,United Arab Emirates,ARE,717456247602.964
"GDP, PPP (current international $)",NY.GDP.MKTP.PP.CD,United Kingdom,GBR,3424261591527.77
"GDP, PPP (current international $)",NY.GDP.MKTP.PP.CD,United States,USA,22996099999999.9
"GDP, PPP (current international $)",NY.GDP.MKTP.PP.CD,Uruguay,URY,85823441002.9131
"GDP, PPP (current international $)",NY.GDP.MKTP.PP.CD,Uzbekistan,UZB,296689257401.601
"GDP, PPP (current international $)",NY.GDP.MKTP.PP.CD,Vanuatu,VUT,975733101.942868
"GDP, PPP (current international $)",NY.GDP.MKTP.PP.CD,"Venezuela, RB",VEN,..
"GDP, PPP (current international $)",NY.GDP.MKTP.PP.CD,Vietnam,VNM,1138047287774.65
"GDP, PPP (current international $)",NY.GDP.MKTP.PP.CD,Virgin Islands (U.S.),VIR,..
"GDP, PPP (current international $)",NY.GDP.MKTP.PP.CD,West Bank and Gaza,PSE,30518341297.1958
"GDP, PPP (current international $)",NY.GDP.MKTP.PP.CD,"Yemen, Rep.",YEM,..
"GDP, PPP (current international $)",NY.GDP.MKTP.PP.CD,Zambia,ZMB,69244879107.1411
"GDP, PPP (current international $)",NY.GDP.MKTP.PP.CD,Africa Eastern and Southern,AFE,2699058497919.17
"GDP, PPP (current international $)",NY.GDP.MKTP.PP.CD,Africa Western and Central,AFW,2108537307107.51
"GDP, PPP (current international $)",NY.GDP.MKTP.PP.CD,Arab World,ARB,6753714191986.68
"GDP, PPP (current international $)",NY.GDP.MKTP.PP.CD,Caribbean small states,CSS,129613136150.99
"GDP, PPP (current international $)",NY.GDP.MKTP.PP.CD,Central Europe and the Baltics,CEB,3811756345402.04
"GDP, PPP (current international $)",NY.GDP.MKTP.PP.CD,Early-demographic dividend,EAR,34509619325834.2
"GDP, PPP (current international $)",NY.GDP.MKTP.PP.CD,East Asia & Pacific,EAS,47996273667220.3
"GDP, PPP (current international $)",NY.GDP.MKTP.PP.CD,East Asia & Pacific (excluding high income),EAP,35878566658206.4
"GDP, PPP (current international $)",NY.GDP.MKTP.PP.CD,East Asia & Pacific (IDA & IBRD countries),TEA,35833138382478.1
"GDP, PPP (current international $)",NY.GDP.MKTP.PP.CD,Euro area,EMU,17522935148160.9
"GDP, PPP (current international $)",NY.GDP.MKTP.PP.CD,Europe & Central Asia,ECS,36241291833568.8
"GDP, PPP (current international $)",NY.GDP.MKTP.PP.CD,Europe & Central Asia (excluding high income),ECA,10031716639271.2
"GDP, PPP (current international $)",NY.GDP.MKTP.PP.CD,Europe & Central Asia (IDA & IBRD countries),TEC,12296052439224.9
"GDP, PPP (current international $)",NY.GDP.MKTP.PP.CD,European Union,EUU,21814130069676.2
"GDP, PPP (current international $)",NY.GDP.MKTP.PP.CD,Fragile and conflict affected situations,FCS,4773259098977.53
"GDP, PPP (current international $)",NY.GDP.MKTP.PP.CD,Heavily indebted poor countries (HIPC),HPC,2383247422632.84
"GDP, PPP (current international $)",NY.GDP.MKTP.PP.CD,High income,HIC,67955558627608.3
"GDP, PPP (current international $)",NY.GDP.MKTP.PP.CD,IBRD only,IBD,74316914032193.7
"GDP, PPP (current international $)",NY.GDP.MKTP.PP.CD,IDA & IBRD total,IBT,81966097635882.1
"GDP, PPP (current international $)",NY.GDP.MKTP.PP.CD,IDA blend,IDB,3294406854981.79
"GDP, PPP (current international $)",NY.GDP.MKTP.PP.CD,IDA only,IDX,4386279592031
"GDP, PPP (current international $)",NY.GDP.MKTP.PP.CD,IDA total,IDA,7663564815000.07
"GDP, PPP (current international $)",NY.GDP.MKTP.PP.CD,Late-demographic dividend,LTE,47498029274749.9
"GDP, PPP (current international $)",NY.GDP.MKTP.PP.CD,Latin America & Caribbean,LCN,11210871315596.1
"GDP, PPP (current international $)",NY.GDP.MKTP.PP.CD,Latin America & Caribbean (excluding high income),LAC,9696514192586.76
"GDP, PPP (current international $)",NY.GDP.MKTP.PP.CD,Latin America & the Caribbean (IDA & IBRD countries),TLA,10889303477248.3
"GDP, PPP (current international $)",NY.GDP.MKTP.PP.CD,Least developed countries: UN classification,LDC,3668086757236.64
"GDP, PPP (current international $)",NY.GDP.MKTP.PP.CD,Low & middle income,LMY,78420330257288.2
"GDP, PPP (current international $)",NY.GDP.MKTP.PP.CD,Low income,LIC,1525715760694.14
"GDP, PPP (current international $)",NY.GDP.MKTP.PP.CD,Lower middle income,LMC,27032851688985.8
"GDP, PPP (current international $)",NY.GDP.MKTP.PP.CD,Middle East & North Africa,MEA,8399363594566.74
"GDP, PPP (current international $)",NY.GDP.MKTP.PP.CD,Middle East & North Africa (excluding high income),MNA,4784133501015.95
"GDP, PPP (current international $)",NY.GDP.MKTP.PP.CD,Middle East & North Africa (IDA & IBRD countries),TMN,4754155514744.34
"GDP, PPP (current international $)",NY.GDP.MKTP.PP.CD,Middle income,MIC,76942424191319.1
"GDP, PPP (current international $)",NY.GDP.MKTP.PP.CD,North America,NAC,25017770507881
"GDP, PPP (current international $)",NY.GDP.MKTP.PP.CD,Not classified,INX,..
"GDP, PPP (current international $)",NY.GDP.MKTP.PP.CD,OECD members,OED,66718498494303.2
"GDP, PPP (current international $)",NY.GDP.MKTP.PP.CD,Other small states,OSS,773542326623.25
"GDP, PPP (current international $)",NY.GDP.MKTP.PP.CD,Pacific island small states,PSS,16878204122.5086
"GDP, PPP (current international $)",NY.GDP.MKTP.PP.CD,Post-demographic dividend,PST,59901523876044.7
"GDP, PPP (current international $)",NY.GDP.MKTP.PP.CD,Pre-demographic dividend,PRE,3710424022798.69
"GDP, PPP (current international $)",NY.GDP.MKTP.PP.CD,Small states,SST,920035879929.433
"GDP, PPP (current international $)",NY.GDP.MKTP.PP.CD,South Asia,SAS,13162566121551
"GDP, PPP (current international $)",NY.GDP.MKTP.PP.CD,South Asia (IDA & IBRD),TSA,13162566121551
"GDP, PPP (current international $)",NY.GDP.MKTP.PP.CD,Sub-Saharan Africa,SSF,4807201387932.87
"GDP, PPP (current international $)",NY.GDP.MKTP.PP.CD,Sub-Saharan Africa (excluding high income),SSA,4804065196272.58
"GDP, PPP (current international $)",NY.GDP.MKTP.PP.CD,Sub-Saharan Africa (IDA & IBRD countries),TSS,4807201387932.87
"GDP, PPP (current international $)",NY.GDP.MKTP.PP.CD,Upper middle income,UMC,49877603646320.8
"GDP, PPP (current international $)",NY.GDP.MKTP.PP.CD,World,WLD,146782877534500
"Foreign direct investment, net inflows (% of GDP)",BX.KLT.DINV.WD.GD.ZS,Afghanistan,AFG,0.139319462125938
"Foreign direct investment, net inflows (% of GDP)",BX.KLT.DINV.WD.GD.ZS,Albania,ALB,6.67506922810655
"Foreign direct investment, net inflows (% of GDP)",BX.KLT.DINV.WD.GD.ZS,Zimbabwe,ZWE,0.585099586088186
"Foreign direct investment, net inflows (% of GDP)",BX.KLT.DINV.WD.GD.ZS,Algeria,DZA,0.533091650897436
"Foreign direct investment, net inflows (% of GDP)",BX.KLT.DINV.WD.GD.ZS,American Samoa,ASM,..
"Foreign direct investment, net inflows (% of GDP)",BX.KLT.DINV.WD.GD.ZS,Andorra,AND,..
"Foreign direct investment, net inflows (% of GDP)",BX.KLT.DINV.WD.GD.ZS,Angola,AGO,-6.46118626830981
"Foreign direct investment, net inflows (% of GDP)",BX.KLT.DINV.WD.GD.ZS,Antigua and Barbuda,ATG,16.6254058878457
"Foreign direct investment, net inflows (% of GDP)",BX.KLT.DINV.WD.GD.ZS,Argentina,ARG,1.39202962208735
"Foreign direct investment, net inflows (% of GDP)",BX.KLT.DINV.WD.GD.ZS,Armenia,ARM,2.64363593346125
"Foreign direct investment, net inflows (% of GDP)",BX.KLT.DINV.WD.GD.ZS,Aruba,ABW,4.27205030200395
"Foreign direct investment, net inflows (% of GDP)",BX.KLT.DINV.WD.GD.ZS,Australia,AUS,1.59654757340419
"Foreign direct investment, net inflows (% of GDP)",BX.KLT.DINV.WD.GD.ZS,Austria,AUT,2.56607247082557
"Foreign direct investment, net inflows (% of GDP)",BX.KLT.DINV.WD.GD.ZS,Azerbaijan,AZE,-3.1263236112891
"Foreign direct investment, net inflows (% of GDP)",BX.KLT.DINV.WD.GD.ZS,"Bahamas, The",BHS,3.41759701587258
"Foreign direct investment, net inflows (% of GDP)",BX.KLT.DINV.WD.GD.ZS,Bahrain,BHR,4.54339642544041
"Foreign direct investment, net inflows (% of GDP)",BX.KLT.DINV.WD.GD.ZS,Bangladesh,BGD,0.414124824478727
"Foreign direct investment, net inflows (% of GDP)",BX.KLT.DINV.WD.GD.ZS,Barbados,BRB,4.92867303150419
"Foreign direct investment, net inflows (% of GDP)",BX.KLT.DINV.WD.GD.ZS,Belarus,BLR,1.80443514735753
"Foreign direct investment, net inflows (% of GDP)",BX.KLT.DINV.WD.GD.ZS,Belgium,BEL,4.04589182140985
"Foreign direct investment, net inflows (% of GDP)",BX.KLT.DINV.WD.GD.ZS,Belize,BLZ,5.21960638954786
"Foreign direct investment, net inflows (% of GDP)",BX.KLT.DINV.WD.GD.ZS,Benin,BEN,2.01800449823778
"Foreign direct investment, net inflows (% of GDP)",BX.KLT.DINV.WD.GD.ZS,Bermuda,BMU,0.681739688650698
"Foreign direct investment, net inflows (% of GDP)",BX.KLT.DINV.WD.GD.ZS,Bhutan,BTN,0.267098679516091
"Foreign direct investment, net inflows (% of GDP)",BX.KLT.DINV.WD.GD.ZS,Bolivia,BOL,1.4442026657009
"Foreign direct investment, net inflows (% of GDP)",BX.KLT.DINV.WD.GD.ZS,Bosnia and Herzegovina,BIH,2.73208239263981
"Foreign direct investment, net inflows (% of GDP)",BX.KLT.DINV.WD.GD.ZS,Botswana,BWA,0.313118699605129
"Foreign direct investment, net inflows (% of GDP)",BX.KLT.DINV.WD.GD.ZS,Brazil,BRA,2.88624032195791
"Foreign direct investment, net inflows (% of GDP)",BX.KLT.DINV.WD.GD.ZS,British Virgin Islands,VGB,..
"Foreign direct investment, net inflows (% of GDP)",BX.KLT.DINV.WD.GD.ZS,Brunei Darussalam,BRN,1.46180960804708
"Foreign direct investment, net inflows (% of GDP)",BX.KLT.DINV.WD.GD.ZS,Bulgaria,BGR,2.52718675242693
"Foreign direct investment, net inflows (% of GDP)",BX.KLT.DINV.WD.GD.ZS,Burkina Faso,BFA,-0.405101400932718
"Foreign direct investment, net inflows (% of GDP)",BX.KLT.DINV.WD.GD.ZS,Burundi,BDI,0.284120849243439
"Foreign direct investment, net inflows (% of GDP)",BX.KLT.DINV.WD.GD.ZS,Cabo Verde,CPV,4.72722708763926
"Foreign direct investment, net inflows (% of GDP)",BX.KLT.DINV.WD.GD.ZS,Cambodia,KHM,12.9203431206795
"Foreign direct investment, net inflows (% of GDP)",BX.KLT.DINV.WD.GD.ZS,Cameroon,CMR,2.12520508585485
"Foreign direct investment, net inflows (% of GDP)",BX.KLT.DINV.WD.GD.ZS,Canada,CAN,3.2553355019306
"Foreign direct investment, net inflows (% of GDP)",BX.KLT.DINV.WD.GD.ZS,Cayman Islands,CYM,438.981267572363
"Foreign direct investment, net inflows (% of GDP)",BX.KLT.DINV.WD.GD.ZS,Central African Republic,CAF,1.19905413056886
"Foreign direct investment, net inflows (% of GDP)",BX.KLT.DINV.WD.GD.ZS,Chad,TCD,4.77221257877475
"Foreign direct investment, net inflows (% of GDP)",BX.KLT.DINV.WD.GD.ZS,Channel Islands,CHI,..
"Foreign direct investment, net inflows (% of GDP)",BX.KLT.DINV.WD.GD.ZS,Chile,CHL,4.81032286119887
"Foreign direct investment, net inflows (% of GDP)",BX.KLT.DINV.WD.GD.ZS,China,CHN,1.88326293759591
"Foreign direct investment, net inflows (% of GDP)",BX.KLT.DINV.WD.GD.ZS,Colombia,COL,2.98326247708905
"Foreign direct investment, net inflows (% of GDP)",BX.KLT.DINV.WD.GD.ZS,Comoros,COM,0.31053193242339
"Foreign direct investment, net inflows (% of GDP)",BX.KLT.DINV.WD.GD.ZS,"Congo, Dem. Rep.",COD,3.03097458342575
"Foreign direct investment, net inflows (% of GDP)",BX.KLT.DINV.WD.GD.ZS,"Congo, Rep.",COG,27.6129332719839
"Foreign direct investment, net inflows (% of GDP)",BX.KLT.DINV.WD.GD.ZS,Costa Rica,CRI,5.5890882994079
"Foreign direct investment, net inflows (% of GDP)",BX.KLT.DINV.WD.GD.ZS,Cote d'Ivoire,CIV,1.98796644473195
"Foreign direct investment, net inflows (% of GDP)",BX.KLT.DINV.WD.GD.ZS,Croatia,HRV,6.75828982009838
"Foreign direct investment, net inflows (% of GDP)",BX.KLT.DINV.WD.GD.ZS,Cuba,CUB,..
"Foreign direct investment, net inflows (% of GDP)",BX.KLT.DINV.WD.GD.ZS,Curacao,CUW,5.39708580103873
"Foreign direct investment, net inflows (% of GDP)",BX.KLT.DINV.WD.GD.ZS,Cyprus,CYP,-117.420254823376
"Foreign direct investment, net inflows (% of GDP)",BX.KLT.DINV.WD.GD.ZS,Czechia,CZE,2.70135430294434
"Foreign direct investment, net inflows (% of GDP)",BX.KLT.DINV.WD.GD.ZS,Denmark,DNK,3.69266234866195
"Foreign direct investment, net inflows (% of GDP)",BX.KLT.DINV.WD.GD.ZS,Djibouti,DJI,4.78756058158321
"Foreign direct investment, net inflows (% of GDP)",BX.KLT.DINV.WD.GD.ZS,Dominica,DMA,6.09528324921466
"Foreign direct investment, net inflows (% of GDP)",BX.KLT.DINV.WD.GD.ZS,Dominican Republic,DOM,3.45382078437034
"Foreign direct investment, net inflows (% of GDP)",BX.KLT.DINV.WD.GD.ZS,Ecuador,ECU,0.609966437731397
"Foreign direct investment, net inflows (% of GDP)",BX.KLT.DINV.WD.GD.ZS,"Egypt, Arab Rep.",EGY,1.26744814697997
"Foreign direct investment, net inflows (% of GDP)",BX.KLT.DINV.WD.GD.ZS,El Salvador,SLV,2.8900140887304
"Foreign direct investment, net inflows (% of GDP)",BX.KLT.DINV.WD.GD.ZS,Equatorial Guinea,GNQ,4.00256912069105
"Foreign direct investment, net inflows (% of GDP)",BX.KLT.DINV.WD.GD.ZS,Eritrea,ERI,..
"Foreign direct investment, net inflows (% of GDP)",BX.KLT.DINV.WD.GD.ZS,Estonia,EST,19.7929374342735
"Foreign direct investment, net inflows (% of GDP)",BX.KLT.DINV.WD.GD.ZS,Eswatini,SWZ,2.37944999940708
"Foreign direct investment, net inflows (% of GDP)",BX.KLT.DINV.WD.GD.ZS,Ethiopia,ETH,3.8279888697897
"Foreign direct investment, net inflows (% of GDP)",BX.KLT.DINV.WD.GD.ZS,Faroe Islands,FRO,..
"Foreign direct investment, net inflows (% of GDP)",BX.KLT.DINV.WD.GD.ZS,Fiji,FJI,9.54063083466472
"Foreign direct investment, net inflows (% of GDP)",BX.KLT.DINV.WD.GD.ZS,Finland,FIN,8.02863203902089
"Foreign direct investment, net inflows (% of GDP)",BX.KLT.DINV.WD.GD.ZS,France,FRA,2.98956103318738
"Foreign direct investment, net inflows (% of GDP)",BX.KLT.DINV.WD.GD.ZS,French Polynesia,PYF,0.352490190543218
"Foreign direct investment, net inflows (% of GDP)",BX.KLT.DINV.WD.GD.ZS,Gabon,GAB,8.08644641664376
"Foreign direct investment, net inflows (% of GDP)",BX.KLT.DINV.WD.GD.ZS,"Gambia, The",GMB,12.3538300399822
"Foreign direct investment, net inflows (% of GDP)",BX.KLT.DINV.WD.GD.ZS,Georgia,GEO,6.8030975562795
"Foreign direct investment, net inflows (% of GDP)",BX.KLT.DINV.WD.GD.ZS,Germany,DEU,1.72900100135499
"Foreign direct investment, net inflows (% of GDP)",BX.KLT.DINV.WD.GD.ZS,Ghana,GHA,3.36724540053631
"Foreign direct investment, net inflows (% of GDP)",BX.KLT.DINV.WD.GD.ZS,Gibraltar,GIB,..
"Foreign direct investment, net inflows (% of GDP)",BX.KLT.DINV.WD.GD.ZS,Greece,GRC,2.85398853183224
"Foreign direct investment, net inflows (% of GDP)",BX.KLT.DINV.WD.GD.ZS,Greenland,GRL,..
"Foreign direct investment, net inflows (% of GDP)",BX.KLT.DINV.WD.GD.ZS,Grenada,GRD,12.8451324604035
"Foreign direct investment, net inflows (% of GDP)",BX.KLT.DINV.WD.GD.ZS,Guam,GUM,..
"Foreign direct investment, net inflows (% of GDP)",BX.KLT.DINV.WD.GD.ZS,Guatemala,GTM,4.18414982926867
"Foreign direct investment, net inflows (% of GDP)",BX.KLT.DINV.WD.GD.ZS,Guinea,GIN,1.22801539227817
"Foreign direct investment, net inflows (% of GDP)",BX.KLT.DINV.WD.GD.ZS,Guinea-Bissau,GNB,1.13088343453986
"Foreign direct investment, net inflows (% of GDP)",BX.KLT.DINV.WD.GD.ZS,Guyana,GUY,27.8117107179155
"Foreign direct investment, net inflows (% of GDP)",BX.KLT.DINV.WD.GD.ZS,Haiti,HTI,0.24492951857226
"Foreign direct investment, net inflows (% of GDP)",BX.KLT.DINV.WD.GD.ZS,Honduras,HND,3.0747090568753
"Foreign direct investment, net inflows (% of GDP)",BX.KLT.DINV.WD.GD.ZS,"Hong Kong SAR, China",HKG,37.1614358116904
"Foreign direct investment, net inflows (% of GDP)",BX.KLT.DINV.WD.GD.ZS,Hungary,HUN,16.1369600808537
"Foreign direct investment, net inflows (% of GDP)",BX.KLT.DINV.WD.GD.ZS,Iceland,ISL,0.42390094066852
"Foreign direct investment, net inflows (% of GDP)",BX.KLT.DINV.WD.GD.ZS,India,IND,1.40815877116502
"Foreign direct investment, net inflows (% of GDP)",BX.KLT.DINV.WD.GD.ZS,Indonesia,IDN,1.78848374327291
"Foreign direct investment, net inflows (% of GDP)",BX.KLT.DINV.WD.GD.ZS,"Iran, Islamic Rep.",IRN,0.396148984045952
"Foreign direct investment, net inflows (% of GDP)",BX.KLT.DINV.WD.GD.ZS,Iraq,IRQ,-1.26860765425301
"Foreign direct investment, net inflows (% of GDP)",BX.KLT.DINV.WD.GD.ZS,Ireland,IRL,16.0693090089581
"Foreign direct investment, net inflows (% of GDP)",BX.KLT.DINV.WD.GD.ZS,Isle of Man,IMN,..
"Foreign direct investment, net inflows (% of GDP)",BX.KLT.DINV.WD.GD.ZS,Israel,ISR,4.39818474170011
"Foreign direct investment, net inflows (% of GDP)",BX.KLT.DINV.WD.GD.ZS,Italy,ITA,0.897256467303229
"Foreign direct investment, net inflows (% of GDP)",BX.KLT.DINV.WD.GD.ZS,Jamaica,JAM,2.18644447667856
"Foreign direct investment, net inflows (% of GDP)",BX.KLT.DINV.WD.GD.ZS,Japan,JPN,0.669779532491074
"Foreign direct investment, net inflows (% of GDP)",BX.KLT.DINV.WD.GD.ZS,Jordan,JOR,1.35936361726795
"Foreign direct investment, net inflows (% of GDP)",BX.KLT.DINV.WD.GD.ZS,Kazakhstan,KAZ,2.3257200457187
"Foreign direct investment, net inflows (% of GDP)",BX.KLT.DINV.WD.GD.ZS,Kenya,KEN,0.419901403554731
"Foreign direct investment, net inflows (% of GDP)",BX.KLT.DINV.WD.GD.ZS,Kiribati,KIR,0.498174049540569
"Foreign direct investment, net inflows (% of GDP)",BX.KLT.DINV.WD.GD.ZS,"Korea, Dem. People's Rep.",PRK,..
"Foreign direct investment, net inflows (% of GDP)",BX.KLT.DINV.WD.GD.ZS,"Korea, Rep.",KOR,1.21816331080323
"Foreign direct investment, net inflows (% of GDP)",BX.KLT.DINV.WD.GD.ZS,Kosovo,XKX,5.32220694702706
"Foreign direct investment, net inflows (% of GDP)",BX.KLT.DINV.WD.GD.ZS,Kuwait,KWT,..
"Foreign direct investment, net inflows (% of GDP)",BX.KLT.DINV.WD.GD.ZS,Kyrgyz Republic,KGZ,2.6477137640526
"Foreign direct investment, net inflows (% of GDP)",BX.KLT.DINV.WD.GD.ZS,Lao PDR,LAO,5.69344696603116
"Foreign direct investment, net inflows (% of GDP)",BX.KLT.DINV.WD.GD.ZS,Latvia,LVA,9.33689137033742
"Foreign direct investment, net inflows (% of GDP)",BX.KLT.DINV.WD.GD.ZS,Lebanon,LBN,2.58149719603492
"Foreign direct investment, net inflows (% of GDP)",BX.KLT.DINV.WD.GD.ZS,Lesotho,LSO,-0.495654043018655
"Foreign direct investment, net inflows (% of GDP)",BX.KLT.DINV.WD.GD.ZS,Liberia,LBR,1.30179538330009
"Foreign direct investment, net inflows (% of GDP)",BX.KLT.DINV.WD.GD.ZS,Libya,LBY,..
"Foreign direct investment, net inflows (% of GDP)",BX.KLT.DINV.WD.GD.ZS,Liechtenstein,LIE,..
"Foreign direct investment, net inflows (% of GDP)",BX.KLT.DINV.WD.GD.ZS,Lithuania,LTU,4.43175612792356
"Foreign direct investment, net inflows (% of GDP)",BX.KLT.DINV.WD.GD.ZS,Luxembourg,LUX,-10.5885583964326
"Foreign direct investment, net inflows (% of GDP)",BX.KLT.DINV.WD.GD.ZS,"Macao SAR, China",MAC,16.1082665365362
"Foreign direct investment, net inflows (% of GDP)",BX.KLT.DINV.WD.GD.ZS,Madagascar,MDG,2.47043781478792
"Foreign direct investment, net inflows (% of GDP)",BX.KLT.DINV.WD.GD.ZS,Malawi,MWI,0.367577808683406
"Foreign direct investment, net inflows (% of GDP)",BX.KLT.DINV.WD.GD.ZS,Malaysia,MYS,4.98568344154213
"Foreign direct investment, net inflows (% of GDP)",BX.KLT.DINV.WD.GD.ZS,Maldives,MDV,8.20399453681108
"Foreign direct investment, net inflows (% of GDP)",BX.KLT.DINV.WD.GD.ZS,Mali,MLI,3.34341030293795
"Foreign direct investment, net inflows (% of GDP)",BX.KLT.DINV.WD.GD.ZS,Malta,MLT,25.1529476016829
"Foreign direct investment, net inflows (% of GDP)",BX.KLT.DINV.WD.GD.ZS,Marshall Islands,MHL,0.192429276770351
"Foreign direct investment, net inflows (% of GDP)",BX.KLT.DINV.WD.GD.ZS,Mauritania,MRT,10.7065407688911
"Foreign direct investment, net inflows (% of GDP)",BX.KLT.DINV.WD.GD.ZS,Mauritius,MUS,2.19609953705315
"Foreign direct investment, net inflows (% of GDP)",BX.KLT.DINV.WD.GD.ZS,Mexico,MEX,2.62011058387628
"Foreign direct investment, net inflows (% of GDP)",BX.KLT.DINV.WD.GD.ZS,"Micronesia, Fed. Sts.",FSM,..
"Foreign direct investment, net inflows (% of GDP)",BX.KLT.DINV.WD.GD.ZS,Moldova,MDA,2.86061604288928
"Foreign direct investment, net inflows (% of GDP)",BX.KLT.DINV.WD.GD.ZS,Monaco,MCO,..
"Foreign direct investment, net inflows (% of GDP)",BX.KLT.DINV.WD.GD.ZS,Mongolia,MNG,14.2177318674182
"Foreign direct investment, net inflows (% of GDP)",BX.KLT.DINV.WD.GD.ZS,Montenegro,MNE,11.8360189488293
"Foreign direct investment, net inflows (% of GDP)",BX.KLT.DINV.WD.GD.ZS,Morocco,MAR,1.50549107029304
"Foreign direct investment, net inflows (% of GDP)",BX.KLT.DINV.WD.GD.ZS,Mozambique,MOZ,33.5645377386061
"Foreign direct investment, net inflows (% of GDP)",BX.KLT.DINV.WD.GD.ZS,Myanmar,MMR,3.17491299584697
"Foreign direct investment, net inflows (% of GDP)",BX.KLT.DINV.WD.GD.ZS,Namibia,NAM,5.27283345252031
"Foreign direct investment, net inflows (% of GDP)",BX.KLT.DINV.WD.GD.ZS,Nauru,NRU,..
"Foreign direct investment, net inflows (% of GDP)",BX.KLT.DINV.WD.GD.ZS,Nepal,NPL,0.54100951178267
"Foreign direct investment, net inflows (% of GDP)",BX.KLT.DINV.WD.GD.ZS,Netherlands,NLD,-13.994370589716
"Foreign direct investment, net inflows (% of GDP)",BX.KLT.DINV.WD.GD.ZS,New Caledonia,NCL,-4.90301725485188
"Foreign direct investment, net inflows (% of GDP)",BX.KLT.DINV.WD.GD.ZS,New Zealand,NZL,1.81679630337712
"Foreign direct investment, net inflows (% of GDP)",BX.KLT.DINV.WD.GD.ZS,Nicaragua,NIC,8.70690128070902
"Foreign direct investment, net inflows (% of GDP)",BX.KLT.DINV.WD.GD.ZS,Niger,NER,3.98812654988296
"Foreign direct investment, net inflows (% of GDP)",BX.KLT.DINV.WD.GD.ZS,Nigeria,NGA,0.751578400627589
"Foreign direct investment, net inflows (% of GDP)",BX.KLT.DINV.WD.GD.ZS,North Macedonia,MKD,5.03618819901225
"Foreign direct investment, net inflows (% of GDP)",BX.KLT.DINV.WD.GD.ZS,Northern Mariana Islands,MNP,..
"Foreign direct investment, net inflows (% of GDP)",BX.KLT.DINV.WD.GD.ZS,Norway,NOR,2.9406434420795
"Foreign direct investment, net inflows (% of GDP)",BX.KLT.DINV.WD.GD.ZS,Oman,OMN,4.55767743447426
"Foreign direct investment, net inflows (% of GDP)",BX.KLT.DINV.WD.GD.ZS,Pakistan,PAK,0.603567633635409
"Foreign direct investment, net inflows (% of GDP)",BX.KLT.DINV.WD.GD.ZS,Palau,PLW,14.9444444444444
"Foreign direct investment, net inflows (% of GDP)",BX.KLT.DINV.WD.GD.ZS,Panama,PAN,2.76839754464658
"Foreign direct investment, net inflows (% of GDP)",BX.KLT.DINV.WD.GD.ZS,Papua New Guinea,PNG,-0.0402811479739075
"Foreign direct investment, net inflows (% of GDP)",BX.KLT.DINV.WD.GD.ZS,Paraguay,PRY,0.524352949431123
"Foreign direct investment, net inflows (% of GDP)",BX.KLT.DINV.WD.GD.ZS,Peru,PER,3.33936583288333
"Foreign direct investment, net inflows (% of GDP)",BX.KLT.DINV.WD.GD.ZS,Philippines,PHL,3.04079595029526
"Foreign direct investment, net inflows (% of GDP)",BX.KLT.DINV.WD.GD.ZS,Poland,POL,5.46225362316631
"Foreign direct investment, net inflows (% of GDP)",BX.KLT.DINV.WD.GD.ZS,Portugal,PRT,3.09503637424912
"Foreign direct investment, net inflows (% of GDP)",BX.KLT.DINV.WD.GD.ZS,Puerto Rico,PRI,..
"Foreign direct investment, net inflows (% of GDP)",BX.KLT.DINV.WD.GD.ZS,Qatar,QAT,-0.60853938153301
"Foreign direct investment, net inflows (% of GDP)",BX.KLT.DINV.WD.GD.ZS,Romania,ROU,4.13190118479822
"Foreign direct investment, net inflows (% of GDP)",BX.KLT.DINV.WD.GD.ZS,Russian Federation,RUS,2.27402659624866
"Foreign direct investment, net inflows (% of GDP)",BX.KLT.DINV.WD.GD.ZS,Rwanda,RWA,1.91408586058841
"Foreign direct investment, net inflows (% of GDP)",BX.KLT.DINV.WD.GD.ZS,Samoa,WSM,1.05080421867932
"Foreign direct investment, net inflows (% of GDP)",BX.KLT.DINV.WD.GD.ZS,San Marino,SMR,..
"Foreign direct investment, net inflows (% of GDP)",BX.KLT.DINV.WD.GD.ZS,Sao Tome and Principe,STP,11.2028307372749
"Foreign direct investment, net inflows (% of GDP)",BX.KLT.DINV.WD.GD.ZS,Saudi Arabia,SAU,2.31369999929646
"Foreign direct investment, net inflows (% of GDP)",BX.KLT.DINV.WD.GD.ZS,Senegal,SEN,8.07917781329536
"Foreign direct investment, net inflows (% of GDP)",BX.KLT.DINV.WD.GD.ZS,Serbia,SRB,7.29237063872448
"Foreign direct investment, net inflows (% of GDP)",BX.KLT.DINV.WD.GD.ZS,Seychelles,SYC,7.66299731412274
"Foreign direct investment, net inflows (% of GDP)",BX.KLT.DINV.WD.GD.ZS,Sierra Leone,SLE,5.2517738908079
"Foreign direct investment, net inflows (% of GDP)",BX.KLT.DINV.WD.GD.ZS,Singapore,SGP,34.8989305315511
"Foreign direct investment, net inflows (% of GDP)",BX.KLT.DINV.WD.GD.ZS,Sint Maarten (Dutch part),SXM,..
"Foreign direct investment, net inflows (% of GDP)",BX.KLT.DINV.WD.GD.ZS,Slovak Republic,SVK,0.833199772085741
"Foreign direct investment, net inflows (% of GDP)",BX.KLT.DINV.WD.GD.ZS,Slovenia,SVN,3.47925029658054
"Foreign direct investment, net inflows (% of GDP)",BX.KLT.DINV.WD.GD.ZS,Solomon Islands,SLB,1.71126587273326
"Foreign direct investment, net inflows (% of GDP)",BX.KLT.DINV.WD.GD.ZS,Somalia,SOM,5.97142107125806
"Foreign direct investment, net inflows (% of GDP)",BX.KLT.DINV.WD.GD.ZS,South Africa,ZAF,9.8555271181587
"Foreign direct investment, net inflows (% of GDP)",BX.KLT.DINV.WD.GD.ZS,South Sudan,SSD,..
"Foreign direct investment, net inflows (% of GDP)",BX.KLT.DINV.WD.GD.ZS,Spain,ESP,3.07622959214422
"Foreign direct investment, net inflows (% of GDP)",BX.KLT.DINV.WD.GD.ZS,Sri Lanka,LKA,0.671922358421746
"Foreign direct investment, net inflows (% of GDP)",BX.KLT.DINV.WD.GD.ZS,St. Kitts and Nevis,KNA,3.07156162641461
"Foreign direct investment, net inflows (% of GDP)",BX.KLT.DINV.WD.GD.ZS,St. Lucia,LCA,5.06425618854059
"Foreign direct investment, net inflows (% of GDP)",BX.KLT.DINV.WD.GD.ZS,St. Martin (French part),MAF,..
"Foreign direct investment, net inflows (% of GDP)",BX.KLT.DINV.WD.GD.ZS,St. Vincent and the Grenadines,VCT,17.7326542338426
"Foreign direct investment, net inflows (% of GDP)",BX.KLT.DINV.WD.GD.ZS,Sudan,SDN,1.52324396924553
"Foreign direct investment, net inflows (% of GDP)",BX.KLT.DINV.WD.GD.ZS,Suriname,SUR,-4.4461868826059
"Foreign direct investment, net inflows (% of GDP)",BX.KLT.DINV.WD.GD.ZS,Sweden,SWE,8.28771594994425
"Foreign direct investment, net inflows (% of GDP)",BX.KLT.DINV.WD.GD.ZS,Switzerland,CHE,1.16309039404478
"Foreign direct investment, net inflows (% of GDP)",BX.KLT.DINV.WD.GD.ZS,Syrian Arab Republic,SYR,..
"Foreign direct investment, net inflows (% of GDP)",BX.KLT.DINV.WD.GD.ZS,Tajikistan,TJK,0.960845884589944
"Foreign direct investment, net inflows (% of GDP)",BX.KLT.DINV.WD.GD.ZS,Tanzania,TZA,1.35880351108998
"Foreign direct investment, net inflows (% of GDP)",BX.KLT.DINV.WD.GD.ZS,Thailand,THA,2.89375606703871
"Foreign direct investment, net inflows (% of GDP)",BX.KLT.DINV.WD.GD.ZS,Timor-Leste,TLS,1.90105350444573
"Foreign direct investment, net inflows (% of GDP)",BX.KLT.DINV.WD.GD.ZS,Togo,TGO,1.54382763122
"Foreign direct investment, net inflows (% of GDP)",BX.KLT.DINV.WD.GD.ZS,Tonga,TON,0.0550874509407781
"Foreign direct investment, net inflows (% of GDP)",BX.KLT.DINV.WD.GD.ZS,Trinidad and Tobago,TTO,-4.47561043051365
"Foreign direct investment, net inflows (% of GDP)",BX.KLT.DINV.WD.GD.ZS,Tunisia,TUN,1.14184280026766
"Foreign direct investment, net inflows (% of GDP)",BX.KLT.DINV.WD.GD.ZS,Turkiye,TUR,1.62691423735158
"Foreign direct investment, net inflows (% of GDP)",BX.KLT.DINV.WD.GD.ZS,Turkmenistan,TKM,..
"Foreign direct investment, net inflows (% of GDP)",BX.KLT.DINV.WD.GD.ZS,Turks and Caicos Islands,TCA,3.04157704402282
"Foreign direct investment, net inflows (% of GDP)",BX.KLT.DINV.WD.GD.ZS,Tuvalu,TUV,0.316050651428571
"Foreign direct investment, net inflows (% of GDP)",BX.KLT.DINV.WD.GD.ZS,Uganda,UGA,2.71518465134808
"Foreign direct investment, net inflows (% of GDP)",BX.KLT.DINV.WD.GD.ZS,Ukraine,UKR,3.97529980910599
"Foreign direct investment, net inflows (% of GDP)",BX.KLT.DINV.WD.GD.ZS,United Arab Emirates,ARE,4.97976995753109
"Foreign direct investment, net inflows (% of GDP)",BX.KLT.DINV.WD.GD.ZS,United Kingdom,GBR,0.189126103827933
"Foreign direct investment, net inflows (% of GDP)",BX.KLT.DINV.WD.GD.ZS,United States,USA,1.92289277682856
"Foreign direct investment, net inflows (% of GDP)",BX.KLT.DINV.WD.GD.ZS,Uruguay,URY,6.15303979511611
"Foreign direct investment, net inflows (% of GDP)",BX.KLT.DINV.WD.GD.ZS,Uzbekistan,UZB,3.28650819947181
"Foreign direct investment, net inflows (% of GDP)",BX.KLT.DINV.WD.GD.ZS,Vanuatu,VUT,4.32090666863716
"Foreign direct investment, net inflows (% of GDP)",BX.KLT.DINV.WD.GD.ZS,"Venezuela, RB",VEN,..
"Foreign direct investment, net inflows (% of GDP)",BX.KLT.DINV.WD.GD.ZS,Vietnam,VNM,4.27708063908642
"Foreign direct investment, net inflows (% of GDP)",BX.KLT.DINV.WD.GD.ZS,Virgin Islands (U.S.),VIR,..
"Foreign direct investment, net inflows (% of GDP)",BX.KLT.DINV.WD.GD.ZS,West Bank and Gaza,PSE,1.41664131990076
"Foreign direct investment, net inflows (% of GDP)",BX.KLT.DINV.WD.GD.ZS,"Yemen, Rep.",YEM,..
"Foreign direct investment, net inflows (% of GDP)",BX.KLT.DINV.WD.GD.ZS,Zambia,ZMB,-1.58773869236008
"Foreign direct investment, net inflows (% of GDP)",BX.KLT.DINV.WD.GD.ZS,Africa Eastern and Southern,AFE,4.96845965559766
"Foreign direct investment, net inflows (% of GDP)",BX.KLT.DINV.WD.GD.ZS,Africa Western and Central,AFW,2.43294944640467
"Foreign direct investment, net inflows (% of GDP)",BX.KLT.DINV.WD.GD.ZS,Arab World,ARB,2.04149943057498
"Foreign direct investment, net inflows (% of GDP)",BX.KLT.DINV.WD.GD.ZS,Caribbean small states,CSS,3.68841503566281
"Foreign direct investment, net inflows (% of GDP)",BX.KLT.DINV.WD.GD.ZS,Central Europe and the Baltics,CEB,5.76983393528669
"Foreign direct investment, net inflows (% of GDP)",BX.KLT.DINV.WD.GD.ZS,Early-demographic dividend,EAR,2.19752842890946
"Foreign direct investment, net inflows (% of GDP)",BX.KLT.DINV.WD.GD.ZS,East Asia & Pacific,EAS,2.57659073239717
"Foreign direct investment, net inflows (% of GDP)",BX.KLT.DINV.WD.GD.ZS,East Asia & Pacific (excluding high income),EAP,2.05286147803116
"Foreign direct investment, net inflows (% of GDP)",BX.KLT.DINV.WD.GD.ZS,East Asia & Pacific (IDA & IBRD countries),TEA,2.05286147803117
"Foreign direct investment, net inflows (% of GDP)",BX.KLT.DINV.WD.GD.ZS,Euro area,EMU,1.4934791493055
"Foreign direct investment, net inflows (% of GDP)",BX.KLT.DINV.WD.GD.ZS,Europe & Central Asia,ECS,1.92694442444502
"Foreign direct investment, net inflows (% of GDP)",BX.KLT.DINV.WD.GD.ZS,Europe & Central Asia (excluding high income),ECA,2.33305147605534
"Foreign direct investment, net inflows (% of GDP)",BX.KLT.DINV.WD.GD.ZS,Europe & Central Asia (IDA & IBRD countries),TEC,2.98676566121438
"Foreign direct investment, net inflows (% of GDP)",BX.KLT.DINV.WD.GD.ZS,European Union,EUU,2.19754672190875
"Foreign direct investment, net inflows (% of GDP)",BX.KLT.DINV.WD.GD.ZS,Fragile and conflict affected situations,FCS,2.18801312844406
"Foreign direct investment, net inflows (% of GDP)",BX.KLT.DINV.WD.GD.ZS,Heavily indebted poor countries (HIPC),HPC,3.87600742828196
"Foreign direct investment, net inflows (% of GDP)",BX.KLT.DINV.WD.GD.ZS,High income,HIC,2.35318730073866
"Foreign direct investment, net inflows (% of GDP)",BX.KLT.DINV.WD.GD.ZS,IBRD only,IBD,2.22929642417171
"Foreign direct investment, net inflows (% of GDP)",BX.KLT.DINV.WD.GD.ZS,IDA & IBRD total,IBT,2.21922386920679
"Foreign direct investment, net inflows (% of GDP)",BX.KLT.DINV.WD.GD.ZS,IDA blend,IDB,1.27298300372074
"Foreign direct investment, net inflows (% of GDP)",BX.KLT.DINV.WD.GD.ZS,IDA only,IDX,2.67991437350028
"Foreign direct investment, net inflows (% of GDP)",BX.KLT.DINV.WD.GD.ZS,IDA total,IDA,2.08291605277878
"Foreign direct investment, net inflows (% of GDP)",BX.KLT.DINV.WD.GD.ZS,Late-demographic dividend,LTE,2.48530738571539
"Foreign direct investment, net inflows (% of GDP)",BX.KLT.DINV.WD.GD.ZS,Latin America & Caribbean,LCN,3.38700580167431
"Foreign direct investment, net inflows (% of GDP)",BX.KLT.DINV.WD.GD.ZS,Latin America & Caribbean (excluding high income),LAC,2.71737006322739
"Foreign direct investment, net inflows (% of GDP)",BX.KLT.DINV.WD.GD.ZS,Latin America & the Caribbean (IDA & IBRD countries),TLA,2.86253052754657
"Foreign direct investment, net inflows (% of GDP)",BX.KLT.DINV.WD.GD.ZS,Least developed countries: UN classification,LDC,2.04856178157371
"Foreign direct investment, net inflows (% of GDP)",BX.KLT.DINV.WD.GD.ZS,Low & middle income,LMY,2.10749182195072
"Foreign direct investment, net inflows (% of GDP)",BX.KLT.DINV.WD.GD.ZS,Low income,LIC,3.55550677113426
"Foreign direct investment, net inflows (% of GDP)",BX.KLT.DINV.WD.GD.ZS,Lower middle income,LMC,1.66362072595506
"Foreign direct investment, net inflows (% of GDP)",BX.KLT.DINV.WD.GD.ZS,Middle East & North Africa,MEA,2.29012214488227
"Foreign direct investment, net inflows (% of GDP)",BX.KLT.DINV.WD.GD.ZS,Middle East & North Africa (excluding high income),MNA,0.643536024324724
"Foreign direct investment, net inflows (% of GDP)",BX.KLT.DINV.WD.GD.ZS,Middle East & North Africa (IDA & IBRD countries),TMN,0.63355225833446
"Foreign direct investment, net inflows (% of GDP)",BX.KLT.DINV.WD.GD.ZS,Middle income,MIC,2.08841688102352
"Foreign direct investment, net inflows (% of GDP)",BX.KLT.DINV.WD.GD.ZS,North America,NAC,2.02720834773343
"Foreign direct investment, net inflows (% of GDP)",BX.KLT.DINV.WD.GD.ZS,Not classified,INX,..
"Foreign direct investment, net inflows (% of GDP)",BX.KLT.DINV.WD.GD.ZS,OECD members,OED,1.90736519428228
"Foreign direct investment, net inflows (% of GDP)",BX.KLT.DINV.WD.GD.ZS,Other small states,OSS,-3.43777578008339
"Foreign direct investment, net inflows (% of GDP)",BX.KLT.DINV.WD.GD.ZS,Pacific island small states,PSS,5.84192397782343
"Foreign direct investment, net inflows (% of GDP)",BX.KLT.DINV.WD.GD.ZS,Post-demographic dividend,PST,2.16348287646487
"Foreign direct investment, net inflows (% of GDP)",BX.KLT.DINV.WD.GD.ZS,Pre-demographic dividend,PRE,1.38807947875018
"Foreign direct investment, net inflows (% of GDP)",BX.KLT.DINV.WD.GD.ZS,Small states,SST,-2.28258744392269
"Foreign direct investment, net inflows (% of GDP)",BX.KLT.DINV.WD.GD.ZS,South Asia,SAS,1.2184063107523
"Foreign direct investment, net inflows (% of GDP)",BX.KLT.DINV.WD.GD.ZS,South Asia (IDA & IBRD),TSA,1.2184063107523
"Foreign direct investment, net inflows (% of GDP)",BX.KLT.DINV.WD.GD.ZS,Sub-Saharan Africa,SSF,3.85493467024342
"Foreign direct investment, net inflows (% of GDP)",BX.KLT.DINV.WD.GD.ZS,Sub-Saharan Africa (excluding high income),SSA,3.8520373658652
"Foreign direct investment, net inflows (% of GDP)",BX.KLT.DINV.WD.GD.ZS,Sub-Saharan Africa (IDA & IBRD countries),TSS,3.85493467024342
"Foreign direct investment, net inflows (% of GDP)",BX.KLT.DINV.WD.GD.ZS,Upper middle income,UMC,2.22656499842887
"Foreign direct investment, net inflows (% of GDP)",BX.KLT.DINV.WD.GD.ZS,World,WLD,2.26049566033753
,,,,
,,,,
,,,,
Data from database: World Development Indicators,,,,
Last Updated: 05/10/2023,,,,
Code,License Type,Indicator Name,Long definition,Source,Topic,Periodicity,Base Period,Aggregation method,Statistical concept and methodology,Development relevance,Limitations and exceptions,General comments,License URL
NY.GDP.MKTP.KD,CC BY-4.0,GDP (constant 2015 US$),"GDP at purchaser's prices is the sum of gross value added by all resident producers in the economy plus any product taxes and minus any subsidies not included in the value of the products. It is calculated without making deductions for depreciation of fabricated assets or for depletion and degradation of natural resources. Data are in constant 2015 prices, expressed in U.S. dollars. Dollar figures for GDP are converted from domestic currencies using 2015 official exchange rates. For a few countries where the official exchange rate does not reflect the rate effectively applied to actual foreign exchange transactions, an alternative conversion factor is used.","World Bank national accounts data, and OECD National Accounts data files.",Economic Policy & Debt: National accounts: US$ at constant 2015 prices: Aggregate indicators,Annual,2015,Gap-filled total,"Gross domestic product (GDP) represents the sum of value added by all its producers. Value added is the value of the gross output of producers less the value of intermediate goods and services consumed in production, before accounting for consumption of fixed capital in production. The United Nations System of National Accounts calls for value added to be valued at either basic prices (excluding net taxes on products) or producer prices (including net taxes on products paid by producers but excluding sales or value added taxes). Both valuations exclude transport charges that are invoiced separately by producers. Total GDP is measured at purchaser prices. Value added by industry is normally measured at basic prices. When value added is measured at producer prices.

Growth rates of GDP and its components are calculated using the least squares method and constant price data in the local currency. Constant price U.S. dollar series are used to calculate regional and income group growth rates. Local currency series are converted to constant U.S. dollars using an exchange rate in the common reference year.","An economy's growth is measured by the change in the volume of its output or in the real incomes of its residents. The 2008 United Nations System of National Accounts (2008 SNA) offers three plausible indicators for calculating growth: the volume of gross domestic product (GDP), real gross domestic income, and real gross national income. The volume of GDP is the sum of value added, measured at constant prices, by households, government, and industries operating in the economy. GDP accounts for all domestic production, regardless of whether the income accrues to domestic or foreign institutions.","Each industry's contribution to growth in the economy's output is measured by growth in the industry's value added. In principle, value added in constant prices can be estimated by measuring the quantity of goods and services produced in a period, valuing them at an agreed set of base year prices, and subtracting the cost of intermediate inputs, also in constant prices. This double-deflation method requires detailed information on the structure of prices of inputs and outputs.

In many industries, however, value added is extrapolated from the base year using single volume indexes of outputs or, less commonly, inputs. Particularly in the services industries, including most of government, value added in constant prices is often imputed from labor inputs, such as real wages or number of employees. In the absence of well defined measures of output, measuring the growth of services remains difficult.

Moreover, technical progress can lead to improvements in production processes and in the quality of goods and services that, if not properly accounted for, can distort measures of value added and thus of growth. When inputs are used to estimate output, as for nonmarket services, unmeasured technical progress leads to underestimates of the volume of output. Similarly, unmeasured improvements in quality lead to underestimates of the value of output and value added. The result can be underestimates of growth and productivity improvement and overestimates of inflation.

Informal economic activities pose a particular measurement problem, especially in developing countries, where much economic activity is unrecorded. A complete picture of the economy requires estimating household outputs produced for home use, sales in informal markets, barter exchanges, and illicit or deliberately unreported activities. The consistency and completeness of such estimates depend on the skill and methods of the compiling statisticians.

Rebasing of national accounts can alter the measured growth rate of an economy and lead to breaks in series that affect the consistency of data over time. When countries rebase their national accounts, they update the weights assigned to various components to better reflect current patterns of production or uses of output. The new base year should represent normal operation of the economy - it should be a year without major shocks or distortions. Some developing countries have not rebased their national accounts for many years. Using an old base year can be misleading because implicit price and volume weights become progressively less relevant and useful.

To obtain comparable series of constant price data for computing aggregates, the World Bank rescales GDP and value added by industrial origin to a common reference year. Because rescaling changes the implicit weights used in forming regional and income group aggregates, aggregate growth rates are not comparable with those from earlier editions with different base years. Rescaling may result in a discrepancy between the rescaled GDP and the sum of the rescaled components. To avoid distortions in the growth rates, the discrepancy is left unallocated. As a result, the weighted average of the growth rates of the components generally does not equal the GDP growth rate.",,https://datacatalog.worldbank.org/public-licenses#cc-by
NY.GDP.MKTP.PP.CD,CC BY-4.0,"GDP, PPP (current international $)","This indicator provides values for gross domestic product (GDP) expressed in current international dollars, converted by purchasing power parity (PPP) conversion factor. 
GDP is the sum of gross value added by all resident producers in the country plus any product taxes and minus any subsidies not included in the value of the products. PPP conversion factor is a spatial price deflator and currency converter that eliminates the effects of the differences in price levels between countries. 
From April 2020, GDP: linked series (current LCU) [NY.GDP.MKTP.CN.AD] is used as underlying GDP in local currency unit so that its in line with time series of PPP conversion factors for GDP, which are extrapolated with linked GDP deflators.","International Comparison Program, World Bank | World Development Indicators database, World Bank | Eurostat-OECD PPP Programme.",Economic Policy & Debt: Purchasing power parity,Annual,,Gap-filled total,"Typically, higher income countries have higher price levels, while lower income countries have lower price levels (Balassa-Samuelson effect). Market exchange rate-based cross-country comparisons of GDP at its expenditure components reflect both differences in economic outputs (volumes) and prices. Given the differences in price levels, the size of higher income countries is inflated, while the size of lower income countries is depressed in the comparison. PPP-based cross-country comparisons of GDP at its expenditure components only reflect differences in economic outputs (volume), as PPPs control for price level differences between the countries. Hence, the comparison reflects the real size of the countries.

For more information on underlying GDP in local currency, please refer to the metadata for GDP: linked series (current LCU) [NY.GDP.MKTP.CN.AD]. For more information on underlying PPP conversion factor, please refer to the metadata for "PPP conversion factor, GDP (LCU per international $)" [PA.NUS.PPP]. 

For the concept and methodology of PPP, please refer to the International Comparison Program (ICP)s website (https://www.worldbank.org/en/programs/icp).",,,,https://datacatalog.worldbank.org/public-licenses#cc-by
BX.KLT.DINV.WD.GD.ZS,CC BY-4.0,"Foreign direct investment, net inflows (% of GDP)","Foreign direct investment are the net inflows of investment to acquire a lasting management interest (10 percent or more of voting stock) in an enterprise operating in an economy other than that of the investor. It is the sum of equity capital, reinvestment of earnings, other long-term capital, and short-term capital as shown in the balance of payments. This series shows net inflows (new investment inflows less disinvestment) in the reporting economy from foreign investors, and is divided by GDP.","International Monetary Fund, International Financial Statistics and Balance of Payments databases, World Bank, International Debt Statistics, and World Bank and OECD GDP estimates.",Economic Policy & Debt: Balance of payments: Capital & financial account,Annual,,Weighted average,"Data on equity flows are based on balance of payments data reported by the International Monetary Fund (IMF). Foreign direct investment (FDI) data are supplemented by the World Bank staff estimates using data from the United Nations Conference on Trade and Development (UNCTAD) and official national sources.

The internationally accepted definition of FDI (from the sixth edition of the IMF's Balance of Payments Manual [2009]), includes the following components: equity investment, including investment associated with equity that gives rise to control or influence; investment in indirectly influenced or controlled enterprises; investment in fellow enterprises; debt (except selected debt); and reverse investment. The Framework for Direct Investment Relationships provides criteria for determining whether cross-border ownership results in a direct investment relationship, based on control and influence. Distinguished from other kinds of international investment, FDI is made to establish a lasting interest in or effective management control over an enterprise in another country. A lasting interest in an investment enterprise typically involves establishing warehouses, manufacturing facilities, and other permanent or long-term organizations abroad. Direct investments may take the form of greenfield investment, where the investor starts a new venture in a foreign country by constructing new operational facilities; joint venture, where the investor enters into a partnership agreement with a company abroad to establish a new enterprise; or merger and acquisition, where the investor acquires an existing enterprise abroad. The IMF suggests that investments should account for at least 10 percent of voting stock to be counted as FDI. In practice many countries set a higher threshold. Many countries fail to report reinvested earnings, and the definition of long-term loans differs among countries. BoP refers to Balance of Payments.","Private financial flows - equity and debt - account for the bulk of development finance. Equity flows comprise foreign direct investment (FDI) and portfolio equity. Debt flows are financing raised through bond issuance, bank lending, and supplier credits.","FDI data do not give a complete picture of international investment in an economy. Balance of payments data on FDI do not include capital raised locally, an important source of investment financing in some developing countries. In addition, FDI data omit nonequity cross-border transactions such as intra-unit flows of goods and services.

The volume of global private financial flows reported by the World Bank generally differs from that reported by other sources because of differences in sources, classification of economies, and method used to adjust and disaggregate reported information. In addition, particularly for debt financing, differences may also reflect how some installments of the transactions and certain offshore issuances are treated.

Data on equity flows are shown for all countries for which data are available.",Note: Data starting from 2005 are based on the sixth edition of the IMF's Balance of Payments Manual (BPM6).,https://datacatalog.worldbank.org/public-licenses#cc-by
